<?xml version="1.0" encoding="utf-8"?><Transactions><Transaction ID="" Terminal="1241" ChnNum="4550001"><TranNum>16263</TranNum><JournalNum>455</JournalNum><TranAmount>110</TranAmount><TranDiscount>0</TranDiscount><TranCashDiscount>0</TranCashDiscount><tChange>0</tChange><TranDate>2013-07-29</TranDate><TranTime>08:39:15</TranTime><IsRefund>0</IsRefund><IsDebtPayment>1</IsDebtPayment><CashierFlag>1</CashierFlag><CashierNum>1</CashierNum><AmountDiscountType>0</AmountDiscountType><ClubDealFlag>0</ClubDealFlag><CustID>0</CustID><AmountDiscountPercent>0</AmountDiscountPercent><RefundMode>0</RefundMode><Components><Component ID=""><PluCode>12126</PluCode><Title>חצי אוטומט 10A/16A/20A/25A/32A</Title><CompAmount>10</CompAmount><CompCashDiscount>0</CompCashDiscount><CompDiscount>0</CompDiscount><CodeFlag>1</CodeFlag><StockAmount>1</StockAmount><DiscountType>0</DiscountType><SecondDiscFlag>0</SecondDiscFlag><SecondFreeFlag>0</SecondFreeFlag><OtherDiscountFlag>0</OtherDiscountFlag><ClubDiscount>0</ClubDiscount><AmountPercentDiscount>0</AmountPercentDiscount><DepartmentFlag>0</DepartmentFlag><DepartmentNum>0</DepartmentNum><WeigthFlag>0</WeigthFlag><WeightQty>1</WeightQty></Component><Component ID=""><PluCode>119170</PluCode><Title>פחת  זרם 2X40 צ'ינט</Title><CompAmount>100</CompAmount><CompCashDiscount>0</CompCashDiscount><CompDiscount>0</CompDiscount><CodeFlag>1</CodeFlag><StockAmount>1</StockAmount><DiscountType>0</DiscountType><SecondDiscFlag>0</SecondDiscFlag><SecondFreeFlag>0</SecondFreeFlag><OtherDiscountFlag>0</OtherDiscountFlag><ClubDiscount>0</ClubDiscount><AmountPercentDiscount>0</AmountPercentDiscount><DepartmentFlag>0</DepartmentFlag><DepartmentNum>0</DepartmentNum><WeigthFlag>0</WeigthFlag><WeightQty>1</WeightQty></Component></Components><Payments><Payment ID=""><PaymID>5</PaymID><CashSum>0.00</CashSum><ChequeSum>0.00</ChequeSum><FullData>0</FullData><ChequeNumber></ChequeNumber><PayDate></PayDate><BankNo>0</BankNo><BankDeptNo>0</BankDeptNo><BankCntNo></BankCntNo><CouponSum>0.00</CouponSum><CouponNumber>0</CouponNumber><FrnCurrSum>0.00</FrnCurrSum><CurrencyID>0</CurrencyID><IsInShekels>0</IsInShekels><CreditCardSum>110</CreditCardSum><FirstPayment>110</FirstPayment><OtherPayment>110</OtherPayment><CardNum>4580124434394027</CardNum><ExpDate>2015-03-01 00:00:00</ExpDate><CreditTerms>1</CreditTerms><CompanyNum>2</CompanyNum><NumPayments>1</NumPayments><TranCode>Regular</TranCode><TranType>1</TranType><AuthorizCode>Manual</AuthorizCode><Currency>1</Currency><AuthorizNo></AuthorizNo><Deposited>0</Deposited><Track2></Track2><Track2Len>0</Track2Len><FileNum>0</FileNum><CTransCount>0</CTransCount><ComReason>2</ComReason><CochavAmount>0</CochavAmount><ClubCode>0</ClubCode><HakafaSum>0.00</HakafaSum><CustID>0</CustID><IsRefundVoucher>0</IsRefundVoucher><IsChangingVoucher>0</IsChangingVoucher></Payment></Payments></Transaction><Transaction ID="" Terminal="1241" ChnNum="4550002"><TranNum>16264</TranNum><JournalNum>455</JournalNum><TranAmount>265</TranAmount><TranDiscount>0</TranDiscount><TranCashDiscount>0</TranCashDiscount><tChange>0</tChange><TranDate>2013-07-29</TranDate><TranTime>09:34:50</TranTime><IsRefund>0</IsRefund><IsDebtPayment>1</IsDebtPayment><CashierFlag>1</CashierFlag><CashierNum>1</CashierNum><AmountDiscountType>0</AmountDiscountType><ClubDealFlag>0</ClubDealFlag><CustID>0</CustID><AmountDiscountPercent>0</AmountDiscountPercent><RefundMode>0</RefundMode><Components><Component ID=""><PluCode>215138</PluCode><Title>ברז ברבור קצר 313 KAG</Title><CompAmount>240</CompAmount><CompCashDiscount>0</CompCashDiscount><CompDiscount>0</CompDiscount><CodeFlag>1</CodeFlag><StockAmount>1</StockAmount><DiscountType>0</DiscountType><SecondDiscFlag>0</SecondDiscFlag><SecondFreeFlag>0</SecondFreeFlag><OtherDiscountFlag>0</OtherDiscountFlag><ClubDiscount>0</ClubDiscount><AmountPercentDiscount>0</AmountPercentDiscount><DepartmentFlag>0</DepartmentFlag><DepartmentNum>0</DepartmentNum><WeigthFlag>0</WeigthFlag><WeightQty>1</WeightQty></Component><Component ID=""><PluCode>7290002694380</PluCode><Title>סילון מסנן ומעדן זרימה לברז</Title><CompAmount>25</CompAmount><CompCashDiscount>0</CompCashDiscount><CompDiscount>0</CompDiscount><CodeFlag>1</CodeFlag><StockAmount>1</StockAmount><DiscountType>0</DiscountType><SecondDiscFlag>0</SecondDiscFlag><SecondFreeFlag>0</SecondFreeFlag><OtherDiscountFlag>0</OtherDiscountFlag><ClubDiscount>0</ClubDiscount><AmountPercentDiscount>0</AmountPercentDiscount><DepartmentFlag>0</DepartmentFlag><DepartmentNum>0</DepartmentNum><WeigthFlag>0</WeigthFlag><WeightQty>1</WeightQty></Component></Components><Payments><Payment ID=""><PaymID>5</PaymID><CashSum>0.00</CashSum><ChequeSum>0.00</ChequeSum><FullData>0</FullData><ChequeNumber></ChequeNumber><PayDate></PayDate><BankNo>0</BankNo><BankDeptNo>0</BankDeptNo><BankCntNo></BankCntNo><CouponSum>0.00</CouponSum><CouponNumber>0</CouponNumber><FrnCurrSum>0.00</FrnCurrSum><CurrencyID>0</CurrencyID><IsInShekels>0</IsInShekels><CreditCardSum>265</CreditCardSum><FirstPayment>265</FirstPayment><OtherPayment>265</OtherPayment><CardNum>783432682</CardNum><ExpDate>2016-05-01 00:00:00</ExpDate><CreditTerms>1</CreditTerms><CompanyNum>8</CompanyNum><NumPayments>1</NumPayments><TranCode>Regular</TranCode><TranType>1</TranType><AuthorizCode>Manual</AuthorizCode><Currency>1</Currency><AuthorizNo></AuthorizNo><Deposited>0</Deposited><Track2></Track2><Track2Len>0</Track2Len><FileNum>0</FileNum><CTransCount>0</CTransCount><ComReason>2</ComReason><CochavAmount>0</CochavAmount><ClubCode>0</ClubCode><HakafaSum>0.00</HakafaSum><CustID>0</CustID><IsRefundVoucher>0</IsRefundVoucher><IsChangingVoucher>0</IsChangingVoucher></Payment></Payments></Transaction><Transaction ID="" Terminal="1241" ChnNum="4550003"><TranNum>16265</TranNum><JournalNum>455</JournalNum><TranAmount>35</TranAmount><TranDiscount>0</TranDiscount><TranCashDiscount>0</TranCashDiscount><tChange>0</tChange><TranDate>2013-07-29</TranDate><TranTime>10:18:43</TranTime><IsRefund>0</IsRefund><IsDebtPayment>1</IsDebtPayment><CashierFlag>1</CashierFlag><CashierNum>1</CashierNum><AmountDiscountType>0</AmountDiscountType><ClubDealFlag>0</ClubDealFlag><CustID>0</CustID><AmountDiscountPercent>0</AmountDiscountPercent><RefundMode>0</RefundMode><Components><Component ID=""><PluCode>1</PluCode><Title>כללי</Title><CompAmount>35</CompAmount><CompCashDiscount>0</CompCashDiscount><CompDiscount>0</CompDiscount><CodeFlag>1</CodeFlag><StockAmount>1</StockAmount><DiscountType>0</DiscountType><SecondDiscFlag>0</SecondDiscFlag><SecondFreeFlag>0</SecondFreeFlag><OtherDiscountFlag>0</OtherDiscountFlag><ClubDiscount>0</ClubDiscount><AmountPercentDiscount>0</AmountPercentDiscount><DepartmentFlag>0</DepartmentFlag><DepartmentNum>0</DepartmentNum><WeigthFlag>0</WeigthFlag><WeightQty>1</WeightQty></Component></Components><Payments><Payment ID=""><PaymID>1</PaymID><CashSum>35</CashSum><ChequeSum>0.00</ChequeSum><FullData>0</FullData><ChequeNumber></ChequeNumber><PayDate></PayDate><BankNo>0</BankNo><BankDeptNo>0</BankDeptNo><BankCntNo></BankCntNo><CouponSum>0.00</CouponSum><CouponNumber>0</CouponNumber><FrnCurrSum>0.00</FrnCurrSum><CurrencyID>0</CurrencyID><IsInShekels>0</IsInShekels><CreditCardSum>0.00</CreditCardSum><FirstPayment>0.00</FirstPayment><OtherPayment>0.00</OtherPayment><CardNum></CardNum><ExpDate>0</ExpDate><CreditTerms>0</CreditTerms><CompanyNum>0</CompanyNum><NumPayments>0</NumPayments><TranCode>0</TranCode><TranType>0</TranType><AuthorizCode>0</AuthorizCode><Currency>0</Currency><AuthorizNo>0</AuthorizNo><Deposited>0</Deposited><Track2></Track2><Track2Len>0</Track2Len><FileNum>0</FileNum><CTransCount>0</CTransCount><ComReason>0</ComReason><CochavAmount>0.00</CochavAmount><ClubCode>0</ClubCode><HakafaSum>0.00</HakafaSum><CustID>0</CustID><IsRefundVoucher>0</IsRefundVoucher><IsChangingVoucher>0</IsChangingVoucher></Payment></Payments></Transaction><Transaction ID="" Terminal="1241" ChnNum="4550004"><TranNum>16266</TranNum><JournalNum>455</JournalNum><TranAmount>18</TranAmount><TranDiscount>0</TranDiscount><TranCashDiscount>0</TranCashDiscount><tChange>0</tChange><TranDate>2013-07-29</TranDate><TranTime>10:28:02</TranTime><IsRefund>0</IsRefund><IsDebtPayment>1</IsDebtPayment><CashierFlag>1</CashierFlag><CashierNum>1</CashierNum><AmountDiscountType>0</AmountDiscountType><ClubDealFlag>0</ClubDealFlag><CustID>0</CustID><AmountDiscountPercent>0</AmountDiscountPercent><RefundMode>0</RefundMode><Components><Component ID=""><PluCode>1</PluCode><Title>כללי</Title><CompAmount>18</CompAmount><CompCashDiscount>0</CompCashDiscount><CompDiscount>0</CompDiscount><CodeFlag>1</CodeFlag><StockAmount>1</StockAmount><DiscountType>0</DiscountType><SecondDiscFlag>0</SecondDiscFlag><SecondFreeFlag>0</SecondFreeFlag><OtherDiscountFlag>0</OtherDiscountFlag><ClubDiscount>0</ClubDiscount><AmountPercentDiscount>0</AmountPercentDiscount><DepartmentFlag>0</DepartmentFlag><DepartmentNum>0</DepartmentNum><WeigthFlag>0</WeigthFlag><WeightQty>1</WeightQty></Component></Components><Payments><Payment ID=""><PaymID>1</PaymID><CashSum>18</CashSum><ChequeSum>0.00</ChequeSum><FullData>0</FullData><ChequeNumber></ChequeNumber><PayDate></PayDate><BankNo>0</BankNo><BankDeptNo>0</BankDeptNo><BankCntNo></BankCntNo><CouponSum>0.00</CouponSum><CouponNumber>0</CouponNumber><FrnCurrSum>0.00</FrnCurrSum><CurrencyID>0</CurrencyID><IsInShekels>0</IsInShekels><CreditCardSum>0.00</CreditCardSum><FirstPayment>0.00</FirstPayment><OtherPayment>0.00</OtherPayment><CardNum></CardNum><ExpDate>0</ExpDate><CreditTerms>0</CreditTerms><CompanyNum>0</CompanyNum><NumPayments>0</NumPayments><TranCode>0</TranCode><TranType>0</TranType><AuthorizCode>0</AuthorizCode><Currency>0</Currency><AuthorizNo>0</AuthorizNo><Deposited>0</Deposited><Track2></Track2><Track2Len>0</Track2Len><FileNum>0</FileNum><CTransCount>0</CTransCount><ComReason>0</ComReason><CochavAmount>0.00</CochavAmount><ClubCode>0</ClubCode><HakafaSum>0.00</HakafaSum><CustID>0</CustID><IsRefundVoucher>0</IsRefundVoucher><IsChangingVoucher>0</IsChangingVoucher></Payment></Payments></Transaction><Transaction ID="" Terminal="1241" ChnNum="4550005"><TranNum>16267</TranNum><JournalNum>455</JournalNum><TranAmount>15</TranAmount><TranDiscount>0</TranDiscount><TranCashDiscount>0</TranCashDiscount><tChange>0</tChange><TranDate>2013-07-29</TranDate><TranTime>10:28:36</TranTime><IsRefund>0</IsRefund><IsDebtPayment>1</IsDebtPayment><CashierFlag>1</CashierFlag><CashierNum>1</CashierNum><AmountDiscountType>0</AmountDiscountType><ClubDealFlag>0</ClubDealFlag><CustID>0</CustID><AmountDiscountPercent>0</AmountDiscountPercent><RefundMode>0</RefundMode><Components><Component ID=""><PluCode>1</PluCode><Title>כללי</Title><CompAmount>15</CompAmount><CompCashDiscount>0</CompCashDiscount><CompDiscount>0</CompDiscount><CodeFlag>1</CodeFlag><StockAmount>1</StockAmount><DiscountType>0</DiscountType><SecondDiscFlag>0</SecondDiscFlag><SecondFreeFlag>0</SecondFreeFlag><OtherDiscountFlag>0</OtherDiscountFlag><ClubDiscount>0</ClubDiscount><AmountPercentDiscount>0</AmountPercentDiscount><DepartmentFlag>0</DepartmentFlag><DepartmentNum>0</DepartmentNum><WeigthFlag>0</WeigthFlag><WeightQty>1</WeightQty></Component></Components><Payments><Payment ID=""><PaymID>1</PaymID><CashSum>15</CashSum><ChequeSum>0.00</ChequeSum><FullData>0</FullData><ChequeNumber></ChequeNumber><PayDate></PayDate><BankNo>0</BankNo><BankDeptNo>0</BankDeptNo><BankCntNo></BankCntNo><CouponSum>0.00</CouponSum><CouponNumber>0</CouponNumber><FrnCurrSum>0.00</FrnCurrSum><CurrencyID>0</CurrencyID><IsInShekels>0</IsInShekels><CreditCardSum>0.00</CreditCardSum><FirstPayment>0.00</FirstPayment><OtherPayment>0.00</OtherPayment><CardNum></CardNum><ExpDate>0</ExpDate><CreditTerms>0</CreditTerms><CompanyNum>0</CompanyNum><NumPayments>0</NumPayments><TranCode>0</TranCode><TranType>0</TranType><AuthorizCode>0</AuthorizCode><Currency>0</Currency><AuthorizNo>0</AuthorizNo><Deposited>0</Deposited><Track2></Track2><Track2Len>0</Track2Len><FileNum>0</FileNum><CTransCount>0</CTransCount><ComReason>0</ComReason><CochavAmount>0.00</CochavAmount><ClubCode>0</ClubCode><HakafaSum>0.00</HakafaSum><CustID>0</CustID><IsRefundVoucher>0</IsRefundVoucher><IsChangingVoucher>0</IsChangingVoucher></Payment></Payments></Transaction><Transaction ID="" Terminal="1241" ChnNum="4550006"><TranNum>16268</TranNum><JournalNum>455</JournalNum><TranAmount>150</TranAmount><TranDiscount>0</TranDiscount><TranCashDiscount>0</TranCashDiscount><tChange>0</tChange><TranDate>2013-07-29</TranDate><TranTime>10:31:31</TranTime><IsRefund>0</IsRefund><IsDebtPayment>1</IsDebtPayment><CashierFlag>1</CashierFlag><CashierNum>1</CashierNum><AmountDiscountType>0</AmountDiscountType><ClubDealFlag>0</ClubDealFlag><CustID>0</CustID><AmountDiscountPercent>0</AmountDiscountPercent><RefundMode>0</RefundMode><Components><Component ID=""><PluCode>1</PluCode><Title>כללי</Title><CompAmount>150</CompAmount><CompCashDiscount>0</CompCashDiscount><CompDiscount>0</CompDiscount><CodeFlag>1</CodeFlag><StockAmount>1</StockAmount><DiscountType>0</DiscountType><SecondDiscFlag>0</SecondDiscFlag><SecondFreeFlag>0</SecondFreeFlag><OtherDiscountFlag>0</OtherDiscountFlag><ClubDiscount>0</ClubDiscount><AmountPercentDiscount>0</AmountPercentDiscount><DepartmentFlag>0</DepartmentFlag><DepartmentNum>0</DepartmentNum><WeigthFlag>0</WeigthFlag><WeightQty>1</WeightQty></Component></Components><Payments><Payment ID=""><PaymID>5</PaymID><CashSum>0.00</CashSum><ChequeSum>0.00</ChequeSum><FullData>0</FullData><ChequeNumber></ChequeNumber><PayDate></PayDate><BankNo>0</BankNo><BankDeptNo>0</BankDeptNo><BankCntNo></BankCntNo><CouponSum>0.00</CouponSum><CouponNumber>0</CouponNumber><FrnCurrSum>0.00</FrnCurrSum><CurrencyID>0</CurrencyID><IsInShekels>0</IsInShekels><CreditCardSum>150</CreditCardSum><FirstPayment>150</FirstPayment><OtherPayment>150</OtherPayment><CardNum>4580040002152862</CardNum><ExpDate>2016-06-01 00:00:00</ExpDate><CreditTerms>1</CreditTerms><CompanyNum>2</CompanyNum><NumPayments>1</NumPayments><TranCode>Regular</TranCode><TranType>1</TranType><AuthorizCode>Manual</AuthorizCode><Currency>1</Currency><AuthorizNo></AuthorizNo><Deposited>0</Deposited><Track2></Track2><Track2Len>0</Track2Len><FileNum>0</FileNum><CTransCount>0</CTransCount><ComReason>2</ComReason><CochavAmount>0</CochavAmount><ClubCode>0</ClubCode><HakafaSum>0.00</HakafaSum><CustID>0</CustID><IsRefundVoucher>0</IsRefundVoucher><IsChangingVoucher>0</IsChangingVoucher></Payment></Payments></Transaction><Transaction ID="" Terminal="1241" ChnNum="4550007"><TranNum>16269</TranNum><JournalNum>455</JournalNum><TranAmount>50</TranAmount><TranDiscount>0</TranDiscount><TranCashDiscount>0</TranCashDiscount><tChange>0</tChange><TranDate>2013-07-29</TranDate><TranTime>10:36:37</TranTime><IsRefund>0</IsRefund><IsDebtPayment>1</IsDebtPayment><CashierFlag>1</CashierFlag><CashierNum>1</CashierNum><AmountDiscountType>0</AmountDiscountType><ClubDealFlag>0</ClubDealFlag><CustID>0</CustID><AmountDiscountPercent>0</AmountDiscountPercent><RefundMode>0</RefundMode><Components><Component ID=""><PluCode>1</PluCode><Title>כללי</Title><CompAmount>50</CompAmount><CompCashDiscount>0</CompCashDiscount><CompDiscount>0</CompDiscount><CodeFlag>1</CodeFlag><StockAmount>1</StockAmount><DiscountType>0</DiscountType><SecondDiscFlag>0</SecondDiscFlag><SecondFreeFlag>0</SecondFreeFlag><OtherDiscountFlag>0</OtherDiscountFlag><ClubDiscount>0</ClubDiscount><AmountPercentDiscount>0</AmountPercentDiscount><DepartmentFlag>0</DepartmentFlag><DepartmentNum>0</DepartmentNum><WeigthFlag>0</WeigthFlag><WeightQty>1</WeightQty></Component></Components><Payments><Payment ID=""><PaymID>1</PaymID><CashSum>50</CashSum><ChequeSum>0.00</ChequeSum><FullData>0</FullData><ChequeNumber></ChequeNumber><PayDate></PayDate><BankNo>0</BankNo><BankDeptNo>0</BankDeptNo><BankCntNo></BankCntNo><CouponSum>0.00</CouponSum><CouponNumber>0</CouponNumber><FrnCurrSum>0.00</FrnCurrSum><CurrencyID>0</CurrencyID><IsInShekels>0</IsInShekels><CreditCardSum>0.00</CreditCardSum><FirstPayment>0.00</FirstPayment><OtherPayment>0.00</OtherPayment><CardNum></CardNum><ExpDate>0</ExpDate><CreditTerms>0</CreditTerms><CompanyNum>0</CompanyNum><NumPayments>0</NumPayments><TranCode>0</TranCode><TranType>0</TranType><AuthorizCode>0</AuthorizCode><Currency>0</Currency><AuthorizNo>0</AuthorizNo><Deposited>0</Deposited><Track2></Track2><Track2Len>0</Track2Len><FileNum>0</FileNum><CTransCount>0</CTransCount><ComReason>0</ComReason><CochavAmount>0.00</CochavAmount><ClubCode>0</ClubCode><HakafaSum>0.00</HakafaSum><CustID>0</CustID><IsRefundVoucher>0</IsRefundVoucher><IsChangingVoucher>0</IsChangingVoucher></Payment></Payments></Transaction><Transaction ID="" Terminal="1241" ChnNum="4550008"><TranNum>16270</TranNum><JournalNum>455</JournalNum><TranAmount>5</TranAmount><TranDiscount>0</TranDiscount><TranCashDiscount>0</TranCashDiscount><tChange>0</tChange><TranDate>2013-07-29</TranDate><TranTime>11:12:10</TranTime><IsRefund>0</IsRefund><IsDebtPayment>1</IsDebtPayment><CashierFlag>1</CashierFlag><CashierNum>1</CashierNum><AmountDiscountType>0</AmountDiscountType><ClubDealFlag>0</ClubDealFlag><CustID>0</CustID><AmountDiscountPercent>0</AmountDiscountPercent><RefundMode>0</RefundMode><Components><Component ID=""><PluCode>1</PluCode><Title>כללי</Title><CompAmount>5</CompAmount><CompCashDiscount>0</CompCashDiscount><CompDiscount>0</CompDiscount><CodeFlag>1</CodeFlag><StockAmount>1</StockAmount><DiscountType>0</DiscountType><SecondDiscFlag>0</SecondDiscFlag><SecondFreeFlag>0</SecondFreeFlag><OtherDiscountFlag>0</OtherDiscountFlag><ClubDiscount>0</ClubDiscount><AmountPercentDiscount>0</AmountPercentDiscount><DepartmentFlag>0</DepartmentFlag><DepartmentNum>0</DepartmentNum><WeigthFlag>0</WeigthFlag><WeightQty>1</WeightQty></Component></Components><Payments><Payment ID=""><PaymID>1</PaymID><CashSum>5</CashSum><ChequeSum>0.00</ChequeSum><FullData>0</FullData><ChequeNumber></ChequeNumber><PayDate></PayDate><BankNo>0</BankNo><BankDeptNo>0</BankDeptNo><BankCntNo></BankCntNo><CouponSum>0.00</CouponSum><CouponNumber>0</CouponNumber><FrnCurrSum>0.00</FrnCurrSum><CurrencyID>0</CurrencyID><IsInShekels>0</IsInShekels><CreditCardSum>0.00</CreditCardSum><FirstPayment>0.00</FirstPayment><OtherPayment>0.00</OtherPayment><CardNum></CardNum><ExpDate>0</ExpDate><CreditTerms>0</CreditTerms><CompanyNum>0</CompanyNum><NumPayments>0</NumPayments><TranCode>0</TranCode><TranType>0</TranType><AuthorizCode>0</AuthorizCode><Currency>0</Currency><AuthorizNo>0</AuthorizNo><Deposited>0</Deposited><Track2></Track2><Track2Len>0</Track2Len><FileNum>0</FileNum><CTransCount>0</CTransCount><ComReason>0</ComReason><CochavAmount>0.00</CochavAmount><ClubCode>0</ClubCode><HakafaSum>0.00</HakafaSum><CustID>0</CustID><IsRefundVoucher>0</IsRefundVoucher><IsChangingVoucher>0</IsChangingVoucher></Payment></Payments></Transaction><Transaction ID="" Terminal="1241" ChnNum="4550009"><TranNum>16271</TranNum><JournalNum>455</JournalNum><TranAmount>399</TranAmount><TranDiscount>0</TranDiscount><TranCashDiscount>0</TranCashDiscount><tChange>0</tChange><TranDate>2013-07-29</TranDate><TranTime>12:03:37</TranTime><IsRefund>0</IsRefund><IsDebtPayment>1</IsDebtPayment><CashierFlag>1</CashierFlag><CashierNum>1</CashierNum><AmountDiscountType>0</AmountDiscountType><ClubDealFlag>0</ClubDealFlag><CustID>0</CustID><AmountDiscountPercent>0</AmountDiscountPercent><RefundMode>0</RefundMode><Components><Component ID=""><PluCode>1160325</PluCode><Title>מאוורר הוריקן  גולדליין</Title><CompAmount>399</CompAmount><CompCashDiscount>0</CompCashDiscount><CompDiscount>0</CompDiscount><CodeFlag>1</CodeFlag><StockAmount>1</StockAmount><DiscountType>0</DiscountType><SecondDiscFlag>0</SecondDiscFlag><SecondFreeFlag>0</SecondFreeFlag><OtherDiscountFlag>0</OtherDiscountFlag><ClubDiscount>0</ClubDiscount><AmountPercentDiscount>0</AmountPercentDiscount><DepartmentFlag>0</DepartmentFlag><DepartmentNum>0</DepartmentNum><WeigthFlag>0</WeigthFlag><WeightQty>1</WeightQty></Component></Components><Payments><Payment ID=""><PaymID>1</PaymID><CashSum>399</CashSum><ChequeSum>0.00</ChequeSum><FullData>0</FullData><ChequeNumber></ChequeNumber><PayDate></PayDate><BankNo>0</BankNo><BankDeptNo>0</BankDeptNo><BankCntNo></BankCntNo><CouponSum>0.00</CouponSum><CouponNumber>0</CouponNumber><FrnCurrSum>0.00</FrnCurrSum><CurrencyID>0</CurrencyID><IsInShekels>0</IsInShekels><CreditCardSum>0.00</CreditCardSum><FirstPayment>0.00</FirstPayment><OtherPayment>0.00</OtherPayment><CardNum></CardNum><ExpDate>0</ExpDate><CreditTerms>0</CreditTerms><CompanyNum>0</CompanyNum><NumPayments>0</NumPayments><TranCode>0</TranCode><TranType>0</TranType><AuthorizCode>0</AuthorizCode><Currency>0</Currency><AuthorizNo>0</AuthorizNo><Deposited>0</Deposited><Track2></Track2><Track2Len>0</Track2Len><FileNum>0</FileNum><CTransCount>0</CTransCount><ComReason>0</ComReason><CochavAmount>0.00</CochavAmount><ClubCode>0</ClubCode><HakafaSum>0.00</HakafaSum><CustID>0</CustID><IsRefundVoucher>0</IsRefundVoucher><IsChangingVoucher>0</IsChangingVoucher></Payment></Payments></Transaction><Transaction ID="" Terminal="1241" ChnNum="4550010"><TranNum>16272</TranNum><JournalNum>455</JournalNum><TranAmount>20</TranAmount><TranDiscount>0</TranDiscount><TranCashDiscount>0</TranCashDiscount><tChange>0</tChange><TranDate>2013-07-29</TranDate><TranTime>12:35:06</TranTime><IsRefund>0</IsRefund><IsDebtPayment>1</IsDebtPayment><CashierFlag>1</CashierFlag><CashierNum>1</CashierNum><AmountDiscountType>0</AmountDiscountType><ClubDealFlag>0</ClubDealFlag><CustID>0</CustID><AmountDiscountPercent>0</AmountDiscountPercent><RefundMode>0</RefundMode><Components><Component ID=""><PluCode>1</PluCode><Title>כללי</Title><CompAmount>20</CompAmount><CompCashDiscount>0</CompCashDiscount><CompDiscount>0</CompDiscount><CodeFlag>1</CodeFlag><StockAmount>1</StockAmount><DiscountType>0</DiscountType><SecondDiscFlag>0</SecondDiscFlag><SecondFreeFlag>0</SecondFreeFlag><OtherDiscountFlag>0</OtherDiscountFlag><ClubDiscount>0</ClubDiscount><AmountPercentDiscount>0</AmountPercentDiscount><DepartmentFlag>0</DepartmentFlag><DepartmentNum>0</DepartmentNum><WeigthFlag>0</WeigthFlag><WeightQty>1</WeightQty></Component></Components><Payments><Payment ID=""><PaymID>1</PaymID><CashSum>20</CashSum><ChequeSum>0.00</ChequeSum><FullData>0</FullData><ChequeNumber></ChequeNumber><PayDate></PayDate><BankNo>0</BankNo><BankDeptNo>0</BankDeptNo><BankCntNo></BankCntNo><CouponSum>0.00</CouponSum><CouponNumber>0</CouponNumber><FrnCurrSum>0.00</FrnCurrSum><CurrencyID>0</CurrencyID><IsInShekels>0</IsInShekels><CreditCardSum>0.00</CreditCardSum><FirstPayment>0.00</FirstPayment><OtherPayment>0.00</OtherPayment><CardNum></CardNum><ExpDate>0</ExpDate><CreditTerms>0</CreditTerms><CompanyNum>0</CompanyNum><NumPayments>0</NumPayments><TranCode>0</TranCode><TranType>0</TranType><AuthorizCode>0</AuthorizCode><Currency>0</Currency><AuthorizNo>0</AuthorizNo><Deposited>0</Deposited><Track2></Track2><Track2Len>0</Track2Len><FileNum>0</FileNum><CTransCount>0</CTransCount><ComReason>0</ComReason><CochavAmount>0.00</CochavAmount><ClubCode>0</ClubCode><HakafaSum>0.00</HakafaSum><CustID>0</CustID><IsRefundVoucher>0</IsRefundVoucher><IsChangingVoucher>0</IsChangingVoucher></Payment></Payments></Transaction><Transaction ID="" Terminal="1241" ChnNum="4550011"><TranNum>16273</TranNum><JournalNum>455</JournalNum><TranAmount>12.4</TranAmount><TranDiscount>0</TranDiscount><TranCashDiscount>0</TranCashDiscount><tChange>0</tChange><TranDate>2013-07-29</TranDate><TranTime>15:11:28</TranTime><IsRefund>0</IsRefund><IsDebtPayment>1</IsDebtPayment><CashierFlag>1</CashierFlag><CashierNum>1</CashierNum><AmountDiscountType>0</AmountDiscountType><ClubDealFlag>0</ClubDealFlag><CustID>0</CustID><AmountDiscountPercent>0</AmountDiscountPercent><RefundMode>0</RefundMode><Components><Component ID=""><PluCode>7290013390202</PluCode><Title>דבק מגע פסטיק שפ'</Title><CompAmount>4.5</CompAmount><CompCashDiscount>0</CompCashDiscount><CompDiscount>0</CompDiscount><CodeFlag>1</CodeFlag><StockAmount>1</StockAmount><DiscountType>0</DiscountType><SecondDiscFlag>0</SecondDiscFlag><SecondFreeFlag>0</SecondFreeFlag><OtherDiscountFlag>0</OtherDiscountFlag><ClubDiscount>0</ClubDiscount><AmountPercentDiscount>0</AmountPercentDiscount><DepartmentFlag>0</DepartmentFlag><DepartmentNum>0</DepartmentNum><WeigthFlag>0</WeigthFlag><WeightQty>1</WeightQty></Component><Component ID=""><PluCode>769127100153</PluCode><Title>מברשת פולאר "1.5</Title><CompAmount>7.9</CompAmount><CompCashDiscount>0</CompCashDiscount><CompDiscount>0</CompDiscount><CodeFlag>1</CodeFlag><StockAmount>1</StockAmount><DiscountType>0</DiscountType><SecondDiscFlag>0</SecondDiscFlag><SecondFreeFlag>0</SecondFreeFlag><OtherDiscountFlag>0</OtherDiscountFlag><ClubDiscount>0</ClubDiscount><AmountPercentDiscount>0</AmountPercentDiscount><DepartmentFlag>0</DepartmentFlag><DepartmentNum>0</DepartmentNum><WeigthFlag>0</WeigthFlag><WeightQty>1</WeightQty></Component></Components><Payments><Payment ID=""><PaymID>1</PaymID><CashSum>12.4</CashSum><ChequeSum>0.00</ChequeSum><FullData>0</FullData><ChequeNumber></ChequeNumber><PayDate></PayDate><BankNo>0</BankNo><BankDeptNo>0</BankDeptNo><BankCntNo></BankCntNo><CouponSum>0.00</CouponSum><CouponNumber>0</CouponNumber><FrnCurrSum>0.00</FrnCurrSum><CurrencyID>0</CurrencyID><IsInShekels>0</IsInShekels><CreditCardSum>0.00</CreditCardSum><FirstPayment>0.00</FirstPayment><OtherPayment>0.00</OtherPayment><CardNum></CardNum><ExpDate>0</ExpDate><CreditTerms>0</CreditTerms><CompanyNum>0</CompanyNum><NumPayments>0</NumPayments><TranCode>0</TranCode><TranType>0</TranType><AuthorizCode>0</AuthorizCode><Currency>0</Currency><AuthorizNo>0</AuthorizNo><Deposited>0</Deposited><Track2></Track2><Track2Len>0</Track2Len><FileNum>0</FileNum><CTransCount>0</CTransCount><ComReason>0</ComReason><CochavAmount>0.00</CochavAmount><ClubCode>0</ClubCode><HakafaSum>0.00</HakafaSum><CustID>0</CustID><IsRefundVoucher>0</IsRefundVoucher><IsChangingVoucher>0</IsChangingVoucher></Payment></Payments></Transaction><Transaction ID="" Terminal="1241" ChnNum="4550012"><TranNum>16274</TranNum><JournalNum>455</JournalNum><TranAmount>5</TranAmount><TranDiscount>0</TranDiscount><TranCashDiscount>0</TranCashDiscount><tChange>0</tChange><TranDate>2013-07-29</TranDate><TranTime>15:20:34</TranTime><IsRefund>0</IsRefund><IsDebtPayment>1</IsDebtPayment><CashierFlag>1</CashierFlag><CashierNum>1</CashierNum><AmountDiscountType>0</AmountDiscountType><ClubDealFlag>0</ClubDealFlag><CustID>0</CustID><AmountDiscountPercent>0</AmountDiscountPercent><RefundMode>0</RefundMode><Components><Component ID=""><PluCode>1</PluCode><Title>כללי</Title><CompAmount>5</CompAmount><CompCashDiscount>0</CompCashDiscount><CompDiscount>0</CompDiscount><CodeFlag>1</CodeFlag><StockAmount>1</StockAmount><DiscountType>0</DiscountType><SecondDiscFlag>0</SecondDiscFlag><SecondFreeFlag>0</SecondFreeFlag><OtherDiscountFlag>0</OtherDiscountFlag><ClubDiscount>0</ClubDiscount><AmountPercentDiscount>0</AmountPercentDiscount><DepartmentFlag>0</DepartmentFlag><DepartmentNum>0</DepartmentNum><WeigthFlag>0</WeigthFlag><WeightQty>1</WeightQty></Component></Components><Payments><Payment ID=""><PaymID>1</PaymID><CashSum>5</CashSum><ChequeSum>0.00</ChequeSum><FullData>0</FullData><ChequeNumber></ChequeNumber><PayDate></PayDate><BankNo>0</BankNo><BankDeptNo>0</BankDeptNo><BankCntNo></BankCntNo><CouponSum>0.00</CouponSum><CouponNumber>0</CouponNumber><FrnCurrSum>0.00</FrnCurrSum><CurrencyID>0</CurrencyID><IsInShekels>0</IsInShekels><CreditCardSum>0.00</CreditCardSum><FirstPayment>0.00</FirstPayment><OtherPayment>0.00</OtherPayment><CardNum></CardNum><ExpDate>0</ExpDate><CreditTerms>0</CreditTerms><CompanyNum>0</CompanyNum><NumPayments>0</NumPayments><TranCode>0</TranCode><TranType>0</TranType><AuthorizCode>0</AuthorizCode><Currency>0</Currency><AuthorizNo>0</AuthorizNo><Deposited>0</Deposited><Track2></Track2><Track2Len>0</Track2Len><FileNum>0</FileNum><CTransCount>0</CTransCount><ComReason>0</ComReason><CochavAmount>0.00</CochavAmount><ClubCode>0</ClubCode><HakafaSum>0.00</HakafaSum><CustID>0</CustID><IsRefundVoucher>0</IsRefundVoucher><IsChangingVoucher>0</IsChangingVoucher></Payment></Payments></Transaction><Transaction ID="" Terminal="1241" ChnNum="4550013"><TranNum>16275</TranNum><JournalNum>455</JournalNum><TranAmount>9</TranAmount><TranDiscount>0</TranDiscount><TranCashDiscount>0</TranCashDiscount><tChange>0</tChange><TranDate>2013-07-29</TranDate><TranTime>15:42:50</TranTime><IsRefund>0</IsRefund><IsDebtPayment>1</IsDebtPayment><CashierFlag>1</CashierFlag><CashierNum>1</CashierNum><AmountDiscountType>0</AmountDiscountType><ClubDealFlag>0</ClubDealFlag><CustID>0</CustID><AmountDiscountPercent>0</AmountDiscountPercent><RefundMode>0</RefundMode><Components><Component ID=""><PluCode>7290002997351</PluCode><Title>נירוקיט לבן נירלט</Title><CompAmount>6.5</CompAmount><CompCashDiscount>0</CompCashDiscount><CompDiscount>0</CompDiscount><CodeFlag>1</CodeFlag><StockAmount>1</StockAmount><DiscountType>0</DiscountType><SecondDiscFlag>0</SecondDiscFlag><SecondFreeFlag>0</SecondFreeFlag><OtherDiscountFlag>0</OtherDiscountFlag><ClubDiscount>0</ClubDiscount><AmountPercentDiscount>0</AmountPercentDiscount><DepartmentFlag>0</DepartmentFlag><DepartmentNum>0</DepartmentNum><WeigthFlag>0</WeigthFlag><WeightQty>1</WeightQty></Component><Component ID=""><PluCode>1</PluCode><Title>כללי</Title><CompAmount>2.5</CompAmount><CompCashDiscount>0</CompCashDiscount><CompDiscount>0</CompDiscount><CodeFlag>1</CodeFlag><StockAmount>1</StockAmount><DiscountType>0</DiscountType><SecondDiscFlag>0</SecondDiscFlag><SecondFreeFlag>0</SecondFreeFlag><OtherDiscountFlag>0</OtherDiscountFlag><ClubDiscount>0</ClubDiscount><AmountPercentDiscount>0</AmountPercentDiscount><DepartmentFlag>0</DepartmentFlag><DepartmentNum>0</DepartmentNum><WeigthFlag>0</WeigthFlag><WeightQty>1</WeightQty></Component></Components><Payments><Payment ID=""><PaymID>1</PaymID><CashSum>9</CashSum><ChequeSum>0.00</ChequeSum><FullData>0</FullData><ChequeNumber></ChequeNumber><PayDate></PayDate><BankNo>0</BankNo><BankDeptNo>0</BankDeptNo><BankCntNo></BankCntNo><CouponSum>0.00</CouponSum><CouponNumber>0</CouponNumber><FrnCurrSum>0.00</FrnCurrSum><CurrencyID>0</CurrencyID><IsInShekels>0</IsInShekels><CreditCardSum>0.00</CreditCardSum><FirstPayment>0.00</FirstPayment><OtherPayment>0.00</OtherPayment><CardNum></CardNum><ExpDate>0</ExpDate><CreditTerms>0</CreditTerms><CompanyNum>0</CompanyNum><NumPayments>0</NumPayments><TranCode>0</TranCode><TranType>0</TranType><AuthorizCode>0</AuthorizCode><Currency>0</Currency><AuthorizNo>0</AuthorizNo><Deposited>0</Deposited><Track2></Track2><Track2Len>0</Track2Len><FileNum>0</FileNum><CTransCount>0</CTransCount><ComReason>0</ComReason><CochavAmount>0.00</CochavAmount><ClubCode>0</ClubCode><HakafaSum>0.00</HakafaSum><CustID>0</CustID><IsRefundVoucher>0</IsRefundVoucher><IsChangingVoucher>0</IsChangingVoucher></Payment></Payments></Transaction><Transaction ID="" Terminal="1241" ChnNum="4550014"><TranNum>16276</TranNum><JournalNum>455</JournalNum><TranAmount>7</TranAmount><TranDiscount>0</TranDiscount><TranCashDiscount>0</TranCashDiscount><tChange>0</tChange><TranDate>2013-07-29</TranDate><TranTime>16:03:02</TranTime><IsRefund>0</IsRefund><IsDebtPayment>1</IsDebtPayment><CashierFlag>1</CashierFlag><CashierNum>1</CashierNum><AmountDiscountType>0</AmountDiscountType><ClubDealFlag>0</ClubDealFlag><CustID>0</CustID><AmountDiscountPercent>0</AmountDiscountPercent><RefundMode>0</RefundMode><Components><Component ID=""><PluCode>1</PluCode><Title>כללי</Title><CompAmount>7</CompAmount><CompCashDiscount>0</CompCashDiscount><CompDiscount>0</CompDiscount><CodeFlag>1</CodeFlag><StockAmount>1</StockAmount><DiscountType>0</DiscountType><SecondDiscFlag>0</SecondDiscFlag><SecondFreeFlag>0</SecondFreeFlag><OtherDiscountFlag>0</OtherDiscountFlag><ClubDiscount>0</ClubDiscount><AmountPercentDiscount>0</AmountPercentDiscount><DepartmentFlag>0</DepartmentFlag><DepartmentNum>0</DepartmentNum><WeigthFlag>0</WeigthFlag><WeightQty>1</WeightQty></Component></Components><Payments><Payment ID=""><PaymID>1</PaymID><CashSum>7</CashSum><ChequeSum>0.00</ChequeSum><FullData>0</FullData><ChequeNumber></ChequeNumber><PayDate></PayDate><BankNo>0</BankNo><BankDeptNo>0</BankDeptNo><BankCntNo></BankCntNo><CouponSum>0.00</CouponSum><CouponNumber>0</CouponNumber><FrnCurrSum>0.00</FrnCurrSum><CurrencyID>0</CurrencyID><IsInShekels>0</IsInShekels><CreditCardSum>0.00</CreditCardSum><FirstPayment>0.00</FirstPayment><OtherPayment>0.00</OtherPayment><CardNum></CardNum><ExpDate>0</ExpDate><CreditTerms>0</CreditTerms><CompanyNum>0</CompanyNum><NumPayments>0</NumPayments><TranCode>0</TranCode><TranType>0</TranType><AuthorizCode>0</AuthorizCode><Currency>0</Currency><AuthorizNo>0</AuthorizNo><Deposited>0</Deposited><Track2></Track2><Track2Len>0</Track2Len><FileNum>0</FileNum><CTransCount>0</CTransCount><ComReason>0</ComReason><CochavAmount>0.00</CochavAmount><ClubCode>0</ClubCode><HakafaSum>0.00</HakafaSum><CustID>0</CustID><IsRefundVoucher>0</IsRefundVoucher><IsChangingVoucher>0</IsChangingVoucher></Payment></Payments></Transaction><Transaction ID="" Terminal="1241" ChnNum="4550015"><TranNum>16277</TranNum><JournalNum>455</JournalNum><TranAmount>50</TranAmount><TranDiscount>0</TranDiscount><TranCashDiscount>0</TranCashDiscount><tChange>0</tChange><TranDate>2013-07-29</TranDate><TranTime>16:25:11</TranTime><IsRefund>0</IsRefund><IsDebtPayment>1</IsDebtPayment><CashierFlag>1</CashierFlag><CashierNum>1</CashierNum><AmountDiscountType>0</AmountDiscountType><ClubDealFlag>0</ClubDealFlag><CustID>0</CustID><AmountDiscountPercent>0</AmountDiscountPercent><RefundMode>0</RefundMode><Components><Component ID=""><PluCode>7290103655228</PluCode><Title>מחסום "2 מספר 1 ליפסקי</Title><CompAmount>50</CompAmount><CompCashDiscount>0</CompCashDiscount><CompDiscount>0</CompDiscount><CodeFlag>1</CodeFlag><StockAmount>1</StockAmount><DiscountType>0</DiscountType><SecondDiscFlag>0</SecondDiscFlag><SecondFreeFlag>0</SecondFreeFlag><OtherDiscountFlag>0</OtherDiscountFlag><ClubDiscount>0</ClubDiscount><AmountPercentDiscount>0</AmountPercentDiscount><DepartmentFlag>0</DepartmentFlag><DepartmentNum>0</DepartmentNum><WeigthFlag>0</WeigthFlag><WeightQty>1</WeightQty></Component></Components><Payments><Payment ID=""><PaymID>1</PaymID><CashSum>50</CashSum><ChequeSum>0.00</ChequeSum><FullData>0</FullData><ChequeNumber></ChequeNumber><PayDate></PayDate><BankNo>0</BankNo><BankDeptNo>0</BankDeptNo><BankCntNo></BankCntNo><CouponSum>0.00</CouponSum><CouponNumber>0</CouponNumber><FrnCurrSum>0.00</FrnCurrSum><CurrencyID>0</CurrencyID><IsInShekels>0</IsInShekels><CreditCardSum>0.00</CreditCardSum><FirstPayment>0.00</FirstPayment><OtherPayment>0.00</OtherPayment><CardNum></CardNum><ExpDate>0</ExpDate><CreditTerms>0</CreditTerms><CompanyNum>0</CompanyNum><NumPayments>0</NumPayments><TranCode>0</TranCode><TranType>0</TranType><AuthorizCode>0</AuthorizCode><Currency>0</Currency><AuthorizNo>0</AuthorizNo><Deposited>0</Deposited><Track2></Track2><Track2Len>0</Track2Len><FileNum>0</FileNum><CTransCount>0</CTransCount><ComReason>0</ComReason><CochavAmount>0.00</CochavAmount><ClubCode>0</ClubCode><HakafaSum>0.00</HakafaSum><CustID>0</CustID><IsRefundVoucher>0</IsRefundVoucher><IsChangingVoucher>0</IsChangingVoucher></Payment></Payments></Transaction><Transaction ID="" Terminal="1241" ChnNum="4550016"><TranNum>16278</TranNum><JournalNum>455</JournalNum><TranAmount>10.9</TranAmount><TranDiscount>0</TranDiscount><TranCashDiscount>0</TranCashDiscount><tChange>0</tChange><TranDate>2013-07-29</TranDate><TranTime>16:59:35</TranTime><IsRefund>0</IsRefund><IsDebtPayment>1</IsDebtPayment><CashierFlag>1</CashierFlag><CashierNum>1</CashierNum><AmountDiscountType>0</AmountDiscountType><ClubDealFlag>0</ClubDealFlag><CustID>0</CustID><AmountDiscountPercent>0</AmountDiscountPercent><RefundMode>0</RefundMode><Components><Component ID=""><PluCode>15955</PluCode><Title>שפכטל מיסטר פיקס "3</Title><CompAmount>10.9</CompAmount><CompCashDiscount>0</CompCashDiscount><CompDiscount>0</CompDiscount><CodeFlag>1</CodeFlag><StockAmount>1</StockAmount><DiscountType>0</DiscountType><SecondDiscFlag>0</SecondDiscFlag><SecondFreeFlag>0</SecondFreeFlag><OtherDiscountFlag>0</OtherDiscountFlag><ClubDiscount>0</ClubDiscount><AmountPercentDiscount>0</AmountPercentDiscount><DepartmentFlag>0</DepartmentFlag><DepartmentNum>0</DepartmentNum><WeigthFlag>0</WeigthFlag><WeightQty>1</WeightQty></Component></Components><Payments><Payment ID=""><PaymID>1</PaymID><CashSum>10.9</CashSum><ChequeSum>0.00</ChequeSum><FullData>0</FullData><ChequeNumber></ChequeNumber><PayDate></PayDate><BankNo>0</BankNo><BankDeptNo>0</BankDeptNo><BankCntNo></BankCntNo><CouponSum>0.00</CouponSum><CouponNumber>0</CouponNumber><FrnCurrSum>0.00</FrnCurrSum><CurrencyID>0</CurrencyID><IsInShekels>0</IsInShekels><CreditCardSum>0.00</CreditCardSum><FirstPayment>0.00</FirstPayment><OtherPayment>0.00</OtherPayment><CardNum></CardNum><ExpDate>0</ExpDate><CreditTerms>0</CreditTerms><CompanyNum>0</CompanyNum><NumPayments>0</NumPayments><TranCode>0</TranCode><TranType>0</TranType><AuthorizCode>0</AuthorizCode><Currency>0</Currency><AuthorizNo>0</AuthorizNo><Deposited>0</Deposited><Track2></Track2><Track2Len>0</Track2Len><FileNum>0</FileNum><CTransCount>0</CTransCount><ComReason>0</ComReason><CochavAmount>0.00</CochavAmount><ClubCode>0</ClubCode><HakafaSum>0.00</HakafaSum><CustID>0</CustID><IsRefundVoucher>0</IsRefundVoucher><IsChangingVoucher>0</IsChangingVoucher></Payment></Payments></Transaction><Transaction ID="" Terminal="1241" ChnNum="4550017"><TranNum>16279</TranNum><JournalNum>455</JournalNum><TranAmount>20</TranAmount><TranDiscount>0</TranDiscount><TranCashDiscount>0</TranCashDiscount><tChange>0</tChange><TranDate>2013-07-29</TranDate><TranTime>17:02:30</TranTime><IsRefund>0</IsRefund><IsDebtPayment>1</IsDebtPayment><CashierFlag>1</CashierFlag><CashierNum>1</CashierNum><AmountDiscountType>0</AmountDiscountType><ClubDealFlag>0</ClubDealFlag><CustID>0</CustID><AmountDiscountPercent>0</AmountDiscountPercent><RefundMode>0</RefundMode><Components><Component ID=""><PluCode>137713</PluCode><Title>מקסימו 1.5 ק"ג נירלט</Title><CompAmount>20</CompAmount><CompCashDiscount>0</CompCashDiscount><CompDiscount>0</CompDiscount><CodeFlag>1</CodeFlag><StockAmount>1</StockAmount><DiscountType>0</DiscountType><SecondDiscFlag>0</SecondDiscFlag><SecondFreeFlag>0</SecondFreeFlag><OtherDiscountFlag>0</OtherDiscountFlag><ClubDiscount>0</ClubDiscount><AmountPercentDiscount>0</AmountPercentDiscount><DepartmentFlag>0</DepartmentFlag><DepartmentNum>0</DepartmentNum><WeigthFlag>0</WeigthFlag><WeightQty>1</WeightQty></Component></Components><Payments><Payment ID=""><PaymID>1</PaymID><CashSum>20</CashSum><ChequeSum>0.00</ChequeSum><FullData>0</FullData><ChequeNumber></ChequeNumber><PayDate></PayDate><BankNo>0</BankNo><BankDeptNo>0</BankDeptNo><BankCntNo></BankCntNo><CouponSum>0.00</CouponSum><CouponNumber>0</CouponNumber><FrnCurrSum>0.00</FrnCurrSum><CurrencyID>0</CurrencyID><IsInShekels>0</IsInShekels><CreditCardSum>0.00</CreditCardSum><FirstPayment>0.00</FirstPayment><OtherPayment>0.00</OtherPayment><CardNum></CardNum><ExpDate>0</ExpDate><CreditTerms>0</CreditTerms><CompanyNum>0</CompanyNum><NumPayments>0</NumPayments><TranCode>0</TranCode><TranType>0</TranType><AuthorizCode>0</AuthorizCode><Currency>0</Currency><AuthorizNo>0</AuthorizNo><Deposited>0</Deposited><Track2></Track2><Track2Len>0</Track2Len><FileNum>0</FileNum><CTransCount>0</CTransCount><ComReason>0</ComReason><CochavAmount>0.00</CochavAmount><ClubCode>0</ClubCode><HakafaSum>0.00</HakafaSum><CustID>0</CustID><IsRefundVoucher>0</IsRefundVoucher><IsChangingVoucher>0</IsChangingVoucher></Payment></Payments></Transaction><Transaction ID="" Terminal="1241" ChnNum="4550018"><TranNum>16280</TranNum><JournalNum>455</JournalNum><TranAmount>26</TranAmount><TranDiscount>0</TranDiscount><TranCashDiscount>0</TranCashDiscount><tChange>0</tChange><TranDate>2013-07-29</TranDate><TranTime>17:53:57</TranTime><IsRefund>0</IsRefund><IsDebtPayment>1</IsDebtPayment><CashierFlag>1</CashierFlag><CashierNum>1</CashierNum><AmountDiscountType>0</AmountDiscountType><ClubDealFlag>0</ClubDealFlag><CustID>0</CustID><AmountDiscountPercent>0</AmountDiscountPercent><RefundMode>0</RefundMode><Components><Component ID=""><PluCode>1</PluCode><Title>כללי</Title><CompAmount>26</CompAmount><CompCashDiscount>0</CompCashDiscount><CompDiscount>0</CompDiscount><CodeFlag>1</CodeFlag><StockAmount>1</StockAmount><DiscountType>0</DiscountType><SecondDiscFlag>0</SecondDiscFlag><SecondFreeFlag>0</SecondFreeFlag><OtherDiscountFlag>0</OtherDiscountFlag><ClubDiscount>0</ClubDiscount><AmountPercentDiscount>0</AmountPercentDiscount><DepartmentFlag>0</DepartmentFlag><DepartmentNum>0</DepartmentNum><WeigthFlag>0</WeigthFlag><WeightQty>1</WeightQty></Component></Components><Payments><Payment ID=""><PaymID>1</PaymID><CashSum>26</CashSum><ChequeSum>0.00</ChequeSum><FullData>0</FullData><ChequeNumber></ChequeNumber><PayDate></PayDate><BankNo>0</BankNo><BankDeptNo>0</BankDeptNo><BankCntNo></BankCntNo><CouponSum>0.00</CouponSum><CouponNumber>0</CouponNumber><FrnCurrSum>0.00</FrnCurrSum><CurrencyID>0</CurrencyID><IsInShekels>0</IsInShekels><CreditCardSum>0.00</CreditCardSum><FirstPayment>0.00</FirstPayment><OtherPayment>0.00</OtherPayment><CardNum></CardNum><ExpDate>0</ExpDate><CreditTerms>0</CreditTerms><CompanyNum>0</CompanyNum><NumPayments>0</NumPayments><TranCode>0</TranCode><TranType>0</TranType><AuthorizCode>0</AuthorizCode><Currency>0</Currency><AuthorizNo>0</AuthorizNo><Deposited>0</Deposited><Track2></Track2><Track2Len>0</Track2Len><FileNum>0</FileNum><CTransCount>0</CTransCount><ComReason>0</ComReason><CochavAmount>0.00</CochavAmount><ClubCode>0</ClubCode><HakafaSum>0.00</HakafaSum><CustID>0</CustID><IsRefundVoucher>0</IsRefundVoucher><IsChangingVoucher>0</IsChangingVoucher></Payment></Payments></Transaction><Transaction ID="" Terminal="1241" ChnNum="4550019"><TranNum>16281</TranNum><JournalNum>455</JournalNum><TranAmount>7</TranAmount><TranDiscount>0</TranDiscount><TranCashDiscount>0</TranCashDiscount><tChange>0</tChange><TranDate>2013-07-29</TranDate><TranTime>18:04:13</TranTime><IsRefund>0</IsRefund><IsDebtPayment>1</IsDebtPayment><CashierFlag>1</CashierFlag><CashierNum>1</CashierNum><AmountDiscountType>0</AmountDiscountType><ClubDealFlag>0</ClubDealFlag><CustID>0</CustID><AmountDiscountPercent>0</AmountDiscountPercent><RefundMode>0</RefundMode><Components><Component ID=""><PluCode>1</PluCode><Title>כללי</Title><CompAmount>7</CompAmount><CompCashDiscount>0</CompCashDiscount><CompDiscount>0</CompDiscount><CodeFlag>1</CodeFlag><StockAmount>1</StockAmount><DiscountType>0</DiscountType><SecondDiscFlag>0</SecondDiscFlag><SecondFreeFlag>0</SecondFreeFlag><OtherDiscountFlag>0</OtherDiscountFlag><ClubDiscount>0</ClubDiscount><AmountPercentDiscount>0</AmountPercentDiscount><DepartmentFlag>0</DepartmentFlag><DepartmentNum>0</DepartmentNum><WeigthFlag>0</WeigthFlag><WeightQty>1</WeightQty></Component></Components><Payments><Payment ID=""><PaymID>1</PaymID><CashSum>7</CashSum><ChequeSum>0.00</ChequeSum><FullData>0</FullData><ChequeNumber></ChequeNumber><PayDate></PayDate><BankNo>0</BankNo><BankDeptNo>0</BankDeptNo><BankCntNo></BankCntNo><CouponSum>0.00</CouponSum><CouponNumber>0</CouponNumber><FrnCurrSum>0.00</FrnCurrSum><CurrencyID>0</CurrencyID><IsInShekels>0</IsInShekels><CreditCardSum>0.00</CreditCardSum><FirstPayment>0.00</FirstPayment><OtherPayment>0.00</OtherPayment><CardNum></CardNum><ExpDate>0</ExpDate><CreditTerms>0</CreditTerms><CompanyNum>0</CompanyNum><NumPayments>0</NumPayments><TranCode>0</TranCode><TranType>0</TranType><AuthorizCode>0</AuthorizCode><Currency>0</Currency><AuthorizNo>0</AuthorizNo><Deposited>0</Deposited><Track2></Track2><Track2Len>0</Track2Len><FileNum>0</FileNum><CTransCount>0</CTransCount><ComReason>0</ComReason><CochavAmount>0.00</CochavAmount><ClubCode>0</ClubCode><HakafaSum>0.00</HakafaSum><CustID>0</CustID><IsRefundVoucher>0</IsRefundVoucher><IsChangingVoucher>0</IsChangingVoucher></Payment></Payments></Transaction><Transaction ID="" Terminal="1241" ChnNum="4550020"><TranNum>16282</TranNum><JournalNum>455</JournalNum><TranAmount>6</TranAmount><TranDiscount>0</TranDiscount><TranCashDiscount>0</TranCashDiscount><tChange>0</tChange><TranDate>2013-07-29</TranDate><TranTime>18:13:39</TranTime><IsRefund>0</IsRefund><IsDebtPayment>1</IsDebtPayment><CashierFlag>1</CashierFlag><CashierNum>1</CashierNum><AmountDiscountType>0</AmountDiscountType><ClubDealFlag>0</ClubDealFlag><CustID>0</CustID><AmountDiscountPercent>0</AmountDiscountPercent><RefundMode>0</RefundMode><Components><Component ID=""><PluCode>1</PluCode><Title>כללי</Title><CompAmount>6</CompAmount><CompCashDiscount>0</CompCashDiscount><CompDiscount>0</CompDiscount><CodeFlag>1</CodeFlag><StockAmount>1</StockAmount><DiscountType>0</DiscountType><SecondDiscFlag>0</SecondDiscFlag><SecondFreeFlag>0</SecondFreeFlag><OtherDiscountFlag>0</OtherDiscountFlag><ClubDiscount>0</ClubDiscount><AmountPercentDiscount>0</AmountPercentDiscount><DepartmentFlag>0</DepartmentFlag><DepartmentNum>0</DepartmentNum><WeigthFlag>0</WeigthFlag><WeightQty>1</WeightQty></Component></Components><Payments><Payment ID=""><PaymID>1</PaymID><CashSum>6</CashSum><ChequeSum>0.00</ChequeSum><FullData>0</FullData><ChequeNumber></ChequeNumber><PayDate></PayDate><BankNo>0</BankNo><BankDeptNo>0</BankDeptNo><BankCntNo></BankCntNo><CouponSum>0.00</CouponSum><CouponNumber>0</CouponNumber><FrnCurrSum>0.00</FrnCurrSum><CurrencyID>0</CurrencyID><IsInShekels>0</IsInShekels><CreditCardSum>0.00</CreditCardSum><FirstPayment>0.00</FirstPayment><OtherPayment>0.00</OtherPayment><CardNum></CardNum><ExpDate>0</ExpDate><CreditTerms>0</CreditTerms><CompanyNum>0</CompanyNum><NumPayments>0</NumPayments><TranCode>0</TranCode><TranType>0</TranType><AuthorizCode>0</AuthorizCode><Currency>0</Currency><AuthorizNo>0</AuthorizNo><Deposited>0</Deposited><Track2></Track2><Track2Len>0</Track2Len><FileNum>0</FileNum><CTransCount>0</CTransCount><ComReason>0</ComReason><CochavAmount>0.00</CochavAmount><ClubCode>0</ClubCode><HakafaSum>0.00</HakafaSum><CustID>0</CustID><IsRefundVoucher>0</IsRefundVoucher><IsChangingVoucher>0</IsChangingVoucher></Payment></Payments></Transaction><Transaction ID="" Terminal="1241" ChnNum="4550021"><TranNum>16283</TranNum><JournalNum>455</JournalNum><TranAmount>12.5</TranAmount><TranDiscount>0</TranDiscount><TranCashDiscount>0</TranCashDiscount><tChange>0</tChange><TranDate>2013-07-29</TranDate><TranTime>18:28:25</TranTime><IsRefund>0</IsRefund><IsDebtPayment>1</IsDebtPayment><CashierFlag>1</CashierFlag><CashierNum>1</CashierNum><AmountDiscountType>0</AmountDiscountType><ClubDealFlag>0</ClubDealFlag><CustID>0</CustID><AmountDiscountPercent>0</AmountDiscountPercent><RefundMode>0</RefundMode><Components><Component ID=""><PluCode>1</PluCode><Title>כללי</Title><CompAmount>12.5</CompAmount><CompCashDiscount>0</CompCashDiscount><CompDiscount>0</CompDiscount><CodeFlag>1</CodeFlag><StockAmount>1</StockAmount><DiscountType>0</DiscountType><SecondDiscFlag>0</SecondDiscFlag><SecondFreeFlag>0</SecondFreeFlag><OtherDiscountFlag>0</OtherDiscountFlag><ClubDiscount>0</ClubDiscount><AmountPercentDiscount>0</AmountPercentDiscount><DepartmentFlag>0</DepartmentFlag><DepartmentNum>0</DepartmentNum><WeigthFlag>0</WeigthFlag><WeightQty>1</WeightQty></Component></Components><Payments><Payment ID=""><PaymID>1</PaymID><CashSum>12.5</CashSum><ChequeSum>0.00</ChequeSum><FullData>0</FullData><ChequeNumber></ChequeNumber><PayDate></PayDate><BankNo>0</BankNo><BankDeptNo>0</BankDeptNo><BankCntNo></BankCntNo><CouponSum>0.00</CouponSum><CouponNumber>0</CouponNumber><FrnCurrSum>0.00</FrnCurrSum><CurrencyID>0</CurrencyID><IsInShekels>0</IsInShekels><CreditCardSum>0.00</CreditCardSum><FirstPayment>0.00</FirstPayment><OtherPayment>0.00</OtherPayment><CardNum></CardNum><ExpDate>0</ExpDate><CreditTerms>0</CreditTerms><CompanyNum>0</CompanyNum><NumPayments>0</NumPayments><TranCode>0</TranCode><TranType>0</TranType><AuthorizCode>0</AuthorizCode><Currency>0</Currency><AuthorizNo>0</AuthorizNo><Deposited>0</Deposited><Track2></Track2><Track2Len>0</Track2Len><FileNum>0</FileNum><CTransCount>0</CTransCount><ComReason>0</ComReason><CochavAmount>0.00</CochavAmount><ClubCode>0</ClubCode><HakafaSum>0.00</HakafaSum><CustID>0</CustID><IsRefundVoucher>0</IsRefundVoucher><IsChangingVoucher>0</IsChangingVoucher></Payment></Payments></Transaction><Transaction ID="" Terminal="1241" ChnNum="4550022"><TranNum>16284</TranNum><JournalNum>455</JournalNum><TranAmount>10</TranAmount><TranDiscount>0</TranDiscount><TranCashDiscount>0</TranCashDiscount><tChange>0</tChange><TranDate>2013-07-29</TranDate><TranTime>18:36:07</TranTime><IsRefund>0</IsRefund><IsDebtPayment>1</IsDebtPayment><CashierFlag>1</CashierFlag><CashierNum>1</CashierNum><AmountDiscountType>0</AmountDiscountType><ClubDealFlag>0</ClubDealFlag><CustID>0</CustID><AmountDiscountPercent>0</AmountDiscountPercent><RefundMode>0</RefundMode><Components><Component ID=""><PluCode>1</PluCode><Title>כללי</Title><CompAmount>10</CompAmount><CompCashDiscount>0</CompCashDiscount><CompDiscount>0</CompDiscount><CodeFlag>1</CodeFlag><StockAmount>1</StockAmount><DiscountType>0</DiscountType><SecondDiscFlag>0</SecondDiscFlag><SecondFreeFlag>0</SecondFreeFlag><OtherDiscountFlag>0</OtherDiscountFlag><ClubDiscount>0</ClubDiscount><AmountPercentDiscount>0</AmountPercentDiscount><DepartmentFlag>0</DepartmentFlag><DepartmentNum>0</DepartmentNum><WeigthFlag>0</WeigthFlag><WeightQty>1</WeightQty></Component></Components><Payments><Payment ID=""><PaymID>1</PaymID><CashSum>10</CashSum><ChequeSum>0.00</ChequeSum><FullData>0</FullData><ChequeNumber></ChequeNumber><PayDate></PayDate><BankNo>0</BankNo><BankDeptNo>0</BankDeptNo><BankCntNo></BankCntNo><CouponSum>0.00</CouponSum><CouponNumber>0</CouponNumber><FrnCurrSum>0.00</FrnCurrSum><CurrencyID>0</CurrencyID><IsInShekels>0</IsInShekels><CreditCardSum>0.00</CreditCardSum><FirstPayment>0.00</FirstPayment><OtherPayment>0.00</OtherPayment><CardNum></CardNum><ExpDate>0</ExpDate><CreditTerms>0</CreditTerms><CompanyNum>0</CompanyNum><NumPayments>0</NumPayments><TranCode>0</TranCode><TranType>0</TranType><AuthorizCode>0</AuthorizCode><Currency>0</Currency><AuthorizNo>0</AuthorizNo><Deposited>0</Deposited><Track2></Track2><Track2Len>0</Track2Len><FileNum>0</FileNum><CTransCount>0</CTransCount><ComReason>0</ComReason><CochavAmount>0.00</CochavAmount><ClubCode>0</ClubCode><HakafaSum>0.00</HakafaSum><CustID>0</CustID><IsRefundVoucher>0</IsRefundVoucher><IsChangingVoucher>0</IsChangingVoucher></Payment></Payments></Transaction><Transaction ID="" Terminal="1241" ChnNum="4550023"><TranNum>16285</TranNum><JournalNum>455</JournalNum><TranAmount>9.9</TranAmount><TranDiscount>0</TranDiscount><TranCashDiscount>0</TranCashDiscount><tChange>0</tChange><TranDate>2013-07-29</TranDate><TranTime>18:45:11</TranTime><IsRefund>0</IsRefund><IsDebtPayment>1</IsDebtPayment><CashierFlag>1</CashierFlag><CashierNum>1</CashierNum><AmountDiscountType>0</AmountDiscountType><ClubDealFlag>0</ClubDealFlag><CustID>0</CustID><AmountDiscountPercent>0</AmountDiscountPercent><RefundMode>0</RefundMode><Components><Component ID=""><PluCode>1</PluCode><Title>כללי</Title><CompAmount>9.9</CompAmount><CompCashDiscount>0</CompCashDiscount><CompDiscount>0</CompDiscount><CodeFlag>1</CodeFlag><StockAmount>1</StockAmount><DiscountType>0</DiscountType><SecondDiscFlag>0</SecondDiscFlag><SecondFreeFlag>0</SecondFreeFlag><OtherDiscountFlag>0</OtherDiscountFlag><ClubDiscount>0</ClubDiscount><AmountPercentDiscount>0</AmountPercentDiscount><DepartmentFlag>0</DepartmentFlag><DepartmentNum>0</DepartmentNum><WeigthFlag>0</WeigthFlag><WeightQty>1</WeightQty></Component></Components><Payments><Payment ID=""><PaymID>1</PaymID><CashSum>9.9</CashSum><ChequeSum>0.00</ChequeSum><FullData>0</FullData><ChequeNumber></ChequeNumber><PayDate></PayDate><BankNo>0</BankNo><BankDeptNo>0</BankDeptNo><BankCntNo></BankCntNo><CouponSum>0.00</CouponSum><CouponNumber>0</CouponNumber><FrnCurrSum>0.00</FrnCurrSum><CurrencyID>0</CurrencyID><IsInShekels>0</IsInShekels><CreditCardSum>0.00</CreditCardSum><FirstPayment>0.00</FirstPayment><OtherPayment>0.00</OtherPayment><CardNum></CardNum><ExpDate>0</ExpDate><CreditTerms>0</CreditTerms><CompanyNum>0</CompanyNum><NumPayments>0</NumPayments><TranCode>0</TranCode><TranType>0</TranType><AuthorizCode>0</AuthorizCode><Currency>0</Currency><AuthorizNo>0</AuthorizNo><Deposited>0</Deposited><Track2></Track2><Track2Len>0</Track2Len><FileNum>0</FileNum><CTransCount>0</CTransCount><ComReason>0</ComReason><CochavAmount>0.00</CochavAmount><ClubCode>0</ClubCode><HakafaSum>0.00</HakafaSum><CustID>0</CustID><IsRefundVoucher>0</IsRefundVoucher><IsChangingVoucher>0</IsChangingVoucher></Payment></Payments></Transaction><Transaction ID="" Terminal="1241" ChnNum="4550024"><TranNum>16286</TranNum><JournalNum>455</JournalNum><TranAmount>1.5</TranAmount><TranDiscount>0</TranDiscount><TranCashDiscount>0</TranCashDiscount><tChange>0</tChange><TranDate>2013-07-29</TranDate><TranTime>18:55:20</TranTime><IsRefund>0</IsRefund><IsDebtPayment>1</IsDebtPayment><CashierFlag>1</CashierFlag><CashierNum>1</CashierNum><AmountDiscountType>0</AmountDiscountType><ClubDealFlag>0</ClubDealFlag><CustID>0</CustID><AmountDiscountPercent>0</AmountDiscountPercent><RefundMode>0</RefundMode><Components><Component ID=""><PluCode>1</PluCode><Title>כללי</Title><CompAmount>1.5</CompAmount><CompCashDiscount>0</CompCashDiscount><CompDiscount>0</CompDiscount><CodeFlag>1</CodeFlag><StockAmount>1</StockAmount><DiscountType>0</DiscountType><SecondDiscFlag>0</SecondDiscFlag><SecondFreeFlag>0</SecondFreeFlag><OtherDiscountFlag>0</OtherDiscountFlag><ClubDiscount>0</ClubDiscount><AmountPercentDiscount>0</AmountPercentDiscount><DepartmentFlag>0</DepartmentFlag><DepartmentNum>0</DepartmentNum><WeigthFlag>0</WeigthFlag><WeightQty>1</WeightQty></Component></Components><Payments><Payment ID=""><PaymID>1</PaymID><CashSum>1.5</CashSum><ChequeSum>0.00</ChequeSum><FullData>0</FullData><ChequeNumber></ChequeNumber><PayDate></PayDate><BankNo>0</BankNo><BankDeptNo>0</BankDeptNo><BankCntNo></BankCntNo><CouponSum>0.00</CouponSum><CouponNumber>0</CouponNumber><FrnCurrSum>0.00</FrnCurrSum><CurrencyID>0</CurrencyID><IsInShekels>0</IsInShekels><CreditCardSum>0.00</CreditCardSum><FirstPayment>0.00</FirstPayment><OtherPayment>0.00</OtherPayment><CardNum></CardNum><ExpDate>0</ExpDate><CreditTerms>0</CreditTerms><CompanyNum>0</CompanyNum><NumPayments>0</NumPayments><TranCode>0</TranCode><TranType>0</TranType><AuthorizCode>0</AuthorizCode><Currency>0</Currency><AuthorizNo>0</AuthorizNo><Deposited>0</Deposited><Track2></Track2><Track2Len>0</Track2Len><FileNum>0</FileNum><CTransCount>0</CTransCount><ComReason>0</ComReason><CochavAmount>0.00</CochavAmount><ClubCode>0</ClubCode><HakafaSum>0.00</HakafaSum><CustID>0</CustID><IsRefundVoucher>0</IsRefundVoucher><IsChangingVoucher>0</IsChangingVoucher></Payment></Payments></Transaction><Transaction ID="" Terminal="1241" ChnNum="4550025"><TranNum>16287</TranNum><JournalNum>455</JournalNum><TranAmount>15</TranAmount><TranDiscount>0</TranDiscount><TranCashDiscount>0</TranCashDiscount><tChange>0</tChange><TranDate>2013-07-29</TranDate><TranTime>19:04:34</TranTime><IsRefund>0</IsRefund><IsDebtPayment>1</IsDebtPayment><CashierFlag>1</CashierFlag><CashierNum>1</CashierNum><AmountDiscountType>0</AmountDiscountType><ClubDealFlag>0</ClubDealFlag><CustID>0</CustID><AmountDiscountPercent>0</AmountDiscountPercent><RefundMode>0</RefundMode><Components><Component ID=""><PluCode>1</PluCode><Title>כללי</Title><CompAmount>15</CompAmount><CompCashDiscount>0</CompCashDiscount><CompDiscount>0</CompDiscount><CodeFlag>1</CodeFlag><StockAmount>1</StockAmount><DiscountType>0</DiscountType><SecondDiscFlag>0</SecondDiscFlag><SecondFreeFlag>0</SecondFreeFlag><OtherDiscountFlag>0</OtherDiscountFlag><ClubDiscount>0</ClubDiscount><AmountPercentDiscount>0</AmountPercentDiscount><DepartmentFlag>0</DepartmentFlag><DepartmentNum>0</DepartmentNum><WeigthFlag>0</WeigthFlag><WeightQty>1</WeightQty></Component></Components><Payments><Payment ID=""><PaymID>1</PaymID><CashSum>15</CashSum><ChequeSum>0.00</ChequeSum><FullData>0</FullData><ChequeNumber></ChequeNumber><PayDate></PayDate><BankNo>0</BankNo><BankDeptNo>0</BankDeptNo><BankCntNo></BankCntNo><CouponSum>0.00</CouponSum><CouponNumber>0</CouponNumber><FrnCurrSum>0.00</FrnCurrSum><CurrencyID>0</CurrencyID><IsInShekels>0</IsInShekels><CreditCardSum>0.00</CreditCardSum><FirstPayment>0.00</FirstPayment><OtherPayment>0.00</OtherPayment><CardNum></CardNum><ExpDate>0</ExpDate><CreditTerms>0</CreditTerms><CompanyNum>0</CompanyNum><NumPayments>0</NumPayments><TranCode>0</TranCode><TranType>0</TranType><AuthorizCode>0</AuthorizCode><Currency>0</Currency><AuthorizNo>0</AuthorizNo><Deposited>0</Deposited><Track2></Track2><Track2Len>0</Track2Len><FileNum>0</FileNum><CTransCount>0</CTransCount><ComReason>0</ComReason><CochavAmount>0.00</CochavAmount><ClubCode>0</ClubCode><HakafaSum>0.00</HakafaSum><CustID>0</CustID><IsRefundVoucher>0</IsRefundVoucher><IsChangingVoucher>0</IsChangingVoucher></Payment></Payments></Transaction><Transaction ID="" Terminal="1241" ChnNum="4550026"><TranNum>16288</TranNum><JournalNum>455</JournalNum><TranAmount>6.5</TranAmount><TranDiscount>0</TranDiscount><TranCashDiscount>0</TranCashDiscount><tChange>0</tChange><TranDate>2013-07-29</TranDate><TranTime>19:18:06</TranTime><IsRefund>0</IsRefund><IsDebtPayment>1</IsDebtPayment><CashierFlag>1</CashierFlag><CashierNum>1</CashierNum><AmountDiscountType>0</AmountDiscountType><ClubDealFlag>0</ClubDealFlag><CustID>0</CustID><AmountDiscountPercent>0</AmountDiscountPercent><RefundMode>0</RefundMode><Components><Component ID=""><PluCode>7290002156710</PluCode><Title>מסיר אבנית SHINY</Title><CompAmount>6.5</CompAmount><CompCashDiscount>0</CompCashDiscount><CompDiscount>0</CompDiscount><CodeFlag>1</CodeFlag><StockAmount>1</StockAmount><DiscountType>0</DiscountType><SecondDiscFlag>0</SecondDiscFlag><SecondFreeFlag>0</SecondFreeFlag><OtherDiscountFlag>0</OtherDiscountFlag><ClubDiscount>0</ClubDiscount><AmountPercentDiscount>0</AmountPercentDiscount><DepartmentFlag>0</DepartmentFlag><DepartmentNum>0</DepartmentNum><WeigthFlag>0</WeigthFlag><WeightQty>1</WeightQty></Component></Components><Payments><Payment ID=""><PaymID>1</PaymID><CashSum>6.5</CashSum><ChequeSum>0.00</ChequeSum><FullData>0</FullData><ChequeNumber></ChequeNumber><PayDate></PayDate><BankNo>0</BankNo><BankDeptNo>0</BankDeptNo><BankCntNo></BankCntNo><CouponSum>0.00</CouponSum><CouponNumber>0</CouponNumber><FrnCurrSum>0.00</FrnCurrSum><CurrencyID>0</CurrencyID><IsInShekels>0</IsInShekels><CreditCardSum>0.00</CreditCardSum><FirstPayment>0.00</FirstPayment><OtherPayment>0.00</OtherPayment><CardNum></CardNum><ExpDate>0</ExpDate><CreditTerms>0</CreditTerms><CompanyNum>0</CompanyNum><NumPayments>0</NumPayments><TranCode>0</TranCode><TranType>0</TranType><AuthorizCode>0</AuthorizCode><Currency>0</Currency><AuthorizNo>0</AuthorizNo><Deposited>0</Deposited><Track2></Track2><Track2Len>0</Track2Len><FileNum>0</FileNum><CTransCount>0</CTransCount><ComReason>0</ComReason><CochavAmount>0.00</CochavAmount><ClubCode>0</ClubCode><HakafaSum>0.00</HakafaSum><CustID>0</CustID><IsRefundVoucher>0</IsRefundVoucher><IsChangingVoucher>0</IsChangingVoucher></Payment></Payments></Transaction><Transaction ID="" Terminal="1241" ChnNum="4550027"><TranNum>16289</TranNum><JournalNum>455</JournalNum><TranAmount>12</TranAmount><TranDiscount>0</TranDiscount><TranCashDiscount>0</TranCashDiscount><tChange>0</tChange><TranDate>2013-07-29</TranDate><TranTime>19:18:41</TranTime><IsRefund>0</IsRefund><IsDebtPayment>1</IsDebtPayment><CashierFlag>1</CashierFlag><CashierNum>1</CashierNum><AmountDiscountType>0</AmountDiscountType><ClubDealFlag>0</ClubDealFlag><CustID>0</CustID><AmountDiscountPercent>0</AmountDiscountPercent><RefundMode>0</RefundMode><Components><Component ID=""><PluCode>1</PluCode><Title>כללי</Title><CompAmount>12</CompAmount><CompCashDiscount>0</CompCashDiscount><CompDiscount>0</CompDiscount><CodeFlag>1</CodeFlag><StockAmount>1</StockAmount><DiscountType>0</DiscountType><SecondDiscFlag>0</SecondDiscFlag><SecondFreeFlag>0</SecondFreeFlag><OtherDiscountFlag>0</OtherDiscountFlag><ClubDiscount>0</ClubDiscount><AmountPercentDiscount>0</AmountPercentDiscount><DepartmentFlag>0</DepartmentFlag><DepartmentNum>0</DepartmentNum><WeigthFlag>0</WeigthFlag><WeightQty>1</WeightQty></Component></Components><Payments><Payment ID=""><PaymID>1</PaymID><CashSum>12</CashSum><ChequeSum>0.00</ChequeSum><FullData>0</FullData><ChequeNumber></ChequeNumber><PayDate></PayDate><BankNo>0</BankNo><BankDeptNo>0</BankDeptNo><BankCntNo></BankCntNo><CouponSum>0.00</CouponSum><CouponNumber>0</CouponNumber><FrnCurrSum>0.00</FrnCurrSum><CurrencyID>0</CurrencyID><IsInShekels>0</IsInShekels><CreditCardSum>0.00</CreditCardSum><FirstPayment>0.00</FirstPayment><OtherPayment>0.00</OtherPayment><CardNum></CardNum><ExpDate>0</ExpDate><CreditTerms>0</CreditTerms><CompanyNum>0</CompanyNum><NumPayments>0</NumPayments><TranCode>0</TranCode><TranType>0</TranType><AuthorizCode>0</AuthorizCode><Currency>0</Currency><AuthorizNo>0</AuthorizNo><Deposited>0</Deposited><Track2></Track2><Track2Len>0</Track2Len><FileNum>0</FileNum><CTransCount>0</CTransCount><ComReason>0</ComReason><CochavAmount>0.00</CochavAmount><ClubCode>0</ClubCode><HakafaSum>0.00</HakafaSum><CustID>0</CustID><IsRefundVoucher>0</IsRefundVoucher><IsChangingVoucher>0</IsChangingVoucher></Payment></Payments></Transaction></Transactions>