<?xml version="1.0" encoding="utf-8"?><Transactions><Transaction ID="" Terminal="1241" ChnNum="3950001"><TranNum>14588</TranNum><JournalNum>395</JournalNum><TranAmount>15</TranAmount><TranDiscount>0</TranDiscount><TranCashDiscount>0</TranCashDiscount><tChange>0</tChange><TranDate>2013-05-21</TranDate><TranTime>09:04:54</TranTime><IsRefund>0</IsRefund><IsDebtPayment>1</IsDebtPayment><CashierFlag>1</CashierFlag><CashierNum>1</CashierNum><AmountDiscountType>0</AmountDiscountType><ClubDealFlag>0</ClubDealFlag><CustID>0</CustID><AmountDiscountPercent>0</AmountDiscountPercent><RefundMode>0</RefundMode><Components><Component ID=""><PluCode>1</PluCode><Title>כללי</Title><CompAmount>15</CompAmount><CompCashDiscount>0</CompCashDiscount><CompDiscount>0</CompDiscount><CodeFlag>1</CodeFlag><StockAmount>1</StockAmount><DiscountType>0</DiscountType><SecondDiscFlag>0</SecondDiscFlag><SecondFreeFlag>0</SecondFreeFlag><OtherDiscountFlag>0</OtherDiscountFlag><ClubDiscount>0</ClubDiscount><AmountPercentDiscount>0</AmountPercentDiscount><DepartmentFlag>0</DepartmentFlag><DepartmentNum>0</DepartmentNum><WeigthFlag>0</WeigthFlag><WeightQty>1</WeightQty></Component></Components><Payments><Payment ID=""><PaymID>1</PaymID><CashSum>15</CashSum><ChequeSum>0.00</ChequeSum><FullData>0</FullData><ChequeNumber></ChequeNumber><PayDate></PayDate><BankNo>0</BankNo><BankDeptNo>0</BankDeptNo><BankCntNo></BankCntNo><CouponSum>0.00</CouponSum><CouponNumber>0</CouponNumber><FrnCurrSum>0.00</FrnCurrSum><CurrencyID>0</CurrencyID><IsInShekels>0</IsInShekels><CreditCardSum>0.00</CreditCardSum><FirstPayment>0.00</FirstPayment><OtherPayment>0.00</OtherPayment><CardNum></CardNum><ExpDate>0</ExpDate><CreditTerms>0</CreditTerms><CompanyNum>0</CompanyNum><NumPayments>0</NumPayments><TranCode>0</TranCode><TranType>0</TranType><AuthorizCode>0</AuthorizCode><Currency>0</Currency><AuthorizNo>0</AuthorizNo><Deposited>0</Deposited><Track2></Track2><Track2Len>0</Track2Len><FileNum>0</FileNum><CTransCount>0</CTransCount><ComReason>0</ComReason><CochavAmount>0.00</CochavAmount><ClubCode>0</ClubCode><HakafaSum>0.00</HakafaSum><CustID>0</CustID><IsRefundVoucher>0</IsRefundVoucher><IsChangingVoucher>0</IsChangingVoucher></Payment></Payments></Transaction><Transaction ID="" Terminal="1241" ChnNum="3950002"><TranNum>14589</TranNum><JournalNum>395</JournalNum><TranAmount>20</TranAmount><TranDiscount>0</TranDiscount><TranCashDiscount>0</TranCashDiscount><tChange>0</tChange><TranDate>2013-05-21</TranDate><TranTime>09:30:08</TranTime><IsRefund>0</IsRefund><IsDebtPayment>1</IsDebtPayment><CashierFlag>1</CashierFlag><CashierNum>1</CashierNum><AmountDiscountType>0</AmountDiscountType><ClubDealFlag>0</ClubDealFlag><CustID>0</CustID><AmountDiscountPercent>0</AmountDiscountPercent><RefundMode>0</RefundMode><Components><Component ID=""><PluCode>1</PluCode><Title>כללי</Title><CompAmount>20</CompAmount><CompCashDiscount>0</CompCashDiscount><CompDiscount>0</CompDiscount><CodeFlag>1</CodeFlag><StockAmount>1</StockAmount><DiscountType>0</DiscountType><SecondDiscFlag>0</SecondDiscFlag><SecondFreeFlag>0</SecondFreeFlag><OtherDiscountFlag>0</OtherDiscountFlag><ClubDiscount>0</ClubDiscount><AmountPercentDiscount>0</AmountPercentDiscount><DepartmentFlag>0</DepartmentFlag><DepartmentNum>0</DepartmentNum><WeigthFlag>0</WeigthFlag><WeightQty>1</WeightQty></Component></Components><Payments><Payment ID=""><PaymID>1</PaymID><CashSum>20</CashSum><ChequeSum>0.00</ChequeSum><FullData>0</FullData><ChequeNumber></ChequeNumber><PayDate></PayDate><BankNo>0</BankNo><BankDeptNo>0</BankDeptNo><BankCntNo></BankCntNo><CouponSum>0.00</CouponSum><CouponNumber>0</CouponNumber><FrnCurrSum>0.00</FrnCurrSum><CurrencyID>0</CurrencyID><IsInShekels>0</IsInShekels><CreditCardSum>0.00</CreditCardSum><FirstPayment>0.00</FirstPayment><OtherPayment>0.00</OtherPayment><CardNum></CardNum><ExpDate>0</ExpDate><CreditTerms>0</CreditTerms><CompanyNum>0</CompanyNum><NumPayments>0</NumPayments><TranCode>0</TranCode><TranType>0</TranType><AuthorizCode>0</AuthorizCode><Currency>0</Currency><AuthorizNo>0</AuthorizNo><Deposited>0</Deposited><Track2></Track2><Track2Len>0</Track2Len><FileNum>0</FileNum><CTransCount>0</CTransCount><ComReason>0</ComReason><CochavAmount>0.00</CochavAmount><ClubCode>0</ClubCode><HakafaSum>0.00</HakafaSum><CustID>0</CustID><IsRefundVoucher>0</IsRefundVoucher><IsChangingVoucher>0</IsChangingVoucher></Payment></Payments></Transaction><Transaction ID="" Terminal="1241" ChnNum="3950003"><TranNum>14590</TranNum><JournalNum>395</JournalNum><TranAmount>43.9</TranAmount><TranDiscount>0</TranDiscount><TranCashDiscount>0</TranCashDiscount><tChange>0</tChange><TranDate>2013-05-21</TranDate><TranTime>09:46:37</TranTime><IsRefund>0</IsRefund><IsDebtPayment>1</IsDebtPayment><CashierFlag>1</CashierFlag><CashierNum>1</CashierNum><AmountDiscountType>0</AmountDiscountType><ClubDealFlag>0</ClubDealFlag><CustID>0</CustID><AmountDiscountPercent>0</AmountDiscountPercent><RefundMode>0</RefundMode><Components><Component ID=""><PluCode>40512</PluCode><Title>מנעול חבוי מפתח ירדני</Title><CompAmount>24.9</CompAmount><CompCashDiscount>0</CompCashDiscount><CompDiscount>0</CompDiscount><CodeFlag>1</CodeFlag><StockAmount>1</StockAmount><DiscountType>0</DiscountType><SecondDiscFlag>0</SecondDiscFlag><SecondFreeFlag>0</SecondFreeFlag><OtherDiscountFlag>0</OtherDiscountFlag><ClubDiscount>0</ClubDiscount><AmountPercentDiscount>0</AmountPercentDiscount><DepartmentFlag>0</DepartmentFlag><DepartmentNum>0</DepartmentNum><WeigthFlag>0</WeigthFlag><WeightQty>1</WeightQty></Component><Component ID=""><PluCode>14838</PluCode><Title>רולר אלפא "9 פאר</Title><CompAmount>19</CompAmount><CompCashDiscount>0</CompCashDiscount><CompDiscount>0</CompDiscount><CodeFlag>1</CodeFlag><StockAmount>1</StockAmount><DiscountType>0</DiscountType><SecondDiscFlag>0</SecondDiscFlag><SecondFreeFlag>0</SecondFreeFlag><OtherDiscountFlag>0</OtherDiscountFlag><ClubDiscount>0</ClubDiscount><AmountPercentDiscount>0</AmountPercentDiscount><DepartmentFlag>0</DepartmentFlag><DepartmentNum>0</DepartmentNum><WeigthFlag>0</WeigthFlag><WeightQty>1</WeightQty></Component></Components><Payments><Payment ID=""><PaymID>1</PaymID><CashSum>43.9</CashSum><ChequeSum>0.00</ChequeSum><FullData>0</FullData><ChequeNumber></ChequeNumber><PayDate></PayDate><BankNo>0</BankNo><BankDeptNo>0</BankDeptNo><BankCntNo></BankCntNo><CouponSum>0.00</CouponSum><CouponNumber>0</CouponNumber><FrnCurrSum>0.00</FrnCurrSum><CurrencyID>0</CurrencyID><IsInShekels>0</IsInShekels><CreditCardSum>0.00</CreditCardSum><FirstPayment>0.00</FirstPayment><OtherPayment>0.00</OtherPayment><CardNum></CardNum><ExpDate>0</ExpDate><CreditTerms>0</CreditTerms><CompanyNum>0</CompanyNum><NumPayments>0</NumPayments><TranCode>0</TranCode><TranType>0</TranType><AuthorizCode>0</AuthorizCode><Currency>0</Currency><AuthorizNo>0</AuthorizNo><Deposited>0</Deposited><Track2></Track2><Track2Len>0</Track2Len><FileNum>0</FileNum><CTransCount>0</CTransCount><ComReason>0</ComReason><CochavAmount>0.00</CochavAmount><ClubCode>0</ClubCode><HakafaSum>0.00</HakafaSum><CustID>0</CustID><IsRefundVoucher>0</IsRefundVoucher><IsChangingVoucher>0</IsChangingVoucher></Payment></Payments></Transaction><Transaction ID="" Terminal="1241" ChnNum="3950004"><TranNum>14591</TranNum><JournalNum>395</JournalNum><TranAmount>40</TranAmount><TranDiscount>0</TranDiscount><TranCashDiscount>0</TranCashDiscount><tChange>0</tChange><TranDate>2013-05-21</TranDate><TranTime>10:19:31</TranTime><IsRefund>0</IsRefund><IsDebtPayment>1</IsDebtPayment><CashierFlag>1</CashierFlag><CashierNum>1</CashierNum><AmountDiscountType>0</AmountDiscountType><ClubDealFlag>0</ClubDealFlag><CustID>0</CustID><AmountDiscountPercent>0</AmountDiscountPercent><RefundMode>0</RefundMode><Components><Component ID=""><PluCode>1</PluCode><Title>כללי</Title><CompAmount>40</CompAmount><CompCashDiscount>0</CompCashDiscount><CompDiscount>0</CompDiscount><CodeFlag>1</CodeFlag><StockAmount>1</StockAmount><DiscountType>0</DiscountType><SecondDiscFlag>0</SecondDiscFlag><SecondFreeFlag>0</SecondFreeFlag><OtherDiscountFlag>0</OtherDiscountFlag><ClubDiscount>0</ClubDiscount><AmountPercentDiscount>0</AmountPercentDiscount><DepartmentFlag>0</DepartmentFlag><DepartmentNum>0</DepartmentNum><WeigthFlag>0</WeigthFlag><WeightQty>1</WeightQty></Component></Components><Payments><Payment ID=""><PaymID>1</PaymID><CashSum>40</CashSum><ChequeSum>0.00</ChequeSum><FullData>0</FullData><ChequeNumber></ChequeNumber><PayDate></PayDate><BankNo>0</BankNo><BankDeptNo>0</BankDeptNo><BankCntNo></BankCntNo><CouponSum>0.00</CouponSum><CouponNumber>0</CouponNumber><FrnCurrSum>0.00</FrnCurrSum><CurrencyID>0</CurrencyID><IsInShekels>0</IsInShekels><CreditCardSum>0.00</CreditCardSum><FirstPayment>0.00</FirstPayment><OtherPayment>0.00</OtherPayment><CardNum></CardNum><ExpDate>0</ExpDate><CreditTerms>0</CreditTerms><CompanyNum>0</CompanyNum><NumPayments>0</NumPayments><TranCode>0</TranCode><TranType>0</TranType><AuthorizCode>0</AuthorizCode><Currency>0</Currency><AuthorizNo>0</AuthorizNo><Deposited>0</Deposited><Track2></Track2><Track2Len>0</Track2Len><FileNum>0</FileNum><CTransCount>0</CTransCount><ComReason>0</ComReason><CochavAmount>0.00</CochavAmount><ClubCode>0</ClubCode><HakafaSum>0.00</HakafaSum><CustID>0</CustID><IsRefundVoucher>0</IsRefundVoucher><IsChangingVoucher>0</IsChangingVoucher></Payment></Payments></Transaction><Transaction ID="" Terminal="1241" ChnNum="3950005"><TranNum>14592</TranNum><JournalNum>395</JournalNum><TranAmount>39</TranAmount><TranDiscount>0</TranDiscount><TranCashDiscount>0</TranCashDiscount><tChange>0</tChange><TranDate>2013-05-21</TranDate><TranTime>10:32:16</TranTime><IsRefund>0</IsRefund><IsDebtPayment>1</IsDebtPayment><CashierFlag>1</CashierFlag><CashierNum>1</CashierNum><AmountDiscountType>0</AmountDiscountType><ClubDealFlag>0</ClubDealFlag><CustID>0</CustID><AmountDiscountPercent>0</AmountDiscountPercent><RefundMode>0</RefundMode><Components><Component ID=""><PluCode>1</PluCode><Title>כללי</Title><CompAmount>39</CompAmount><CompCashDiscount>0</CompCashDiscount><CompDiscount>0</CompDiscount><CodeFlag>1</CodeFlag><StockAmount>1</StockAmount><DiscountType>0</DiscountType><SecondDiscFlag>0</SecondDiscFlag><SecondFreeFlag>0</SecondFreeFlag><OtherDiscountFlag>0</OtherDiscountFlag><ClubDiscount>0</ClubDiscount><AmountPercentDiscount>0</AmountPercentDiscount><DepartmentFlag>0</DepartmentFlag><DepartmentNum>0</DepartmentNum><WeigthFlag>0</WeigthFlag><WeightQty>1</WeightQty></Component></Components><Payments><Payment ID=""><PaymID>1</PaymID><CashSum>39</CashSum><ChequeSum>0.00</ChequeSum><FullData>0</FullData><ChequeNumber></ChequeNumber><PayDate></PayDate><BankNo>0</BankNo><BankDeptNo>0</BankDeptNo><BankCntNo></BankCntNo><CouponSum>0.00</CouponSum><CouponNumber>0</CouponNumber><FrnCurrSum>0.00</FrnCurrSum><CurrencyID>0</CurrencyID><IsInShekels>0</IsInShekels><CreditCardSum>0.00</CreditCardSum><FirstPayment>0.00</FirstPayment><OtherPayment>0.00</OtherPayment><CardNum></CardNum><ExpDate>0</ExpDate><CreditTerms>0</CreditTerms><CompanyNum>0</CompanyNum><NumPayments>0</NumPayments><TranCode>0</TranCode><TranType>0</TranType><AuthorizCode>0</AuthorizCode><Currency>0</Currency><AuthorizNo>0</AuthorizNo><Deposited>0</Deposited><Track2></Track2><Track2Len>0</Track2Len><FileNum>0</FileNum><CTransCount>0</CTransCount><ComReason>0</ComReason><CochavAmount>0.00</CochavAmount><ClubCode>0</ClubCode><HakafaSum>0.00</HakafaSum><CustID>0</CustID><IsRefundVoucher>0</IsRefundVoucher><IsChangingVoucher>0</IsChangingVoucher></Payment></Payments></Transaction><Transaction ID="" Terminal="1241" ChnNum="3950006"><TranNum>14593</TranNum><JournalNum>395</JournalNum><TranAmount>10</TranAmount><TranDiscount>0</TranDiscount><TranCashDiscount>0</TranCashDiscount><tChange>0</tChange><TranDate>2013-05-21</TranDate><TranTime>10:51:51</TranTime><IsRefund>0</IsRefund><IsDebtPayment>1</IsDebtPayment><CashierFlag>1</CashierFlag><CashierNum>1</CashierNum><AmountDiscountType>0</AmountDiscountType><ClubDealFlag>0</ClubDealFlag><CustID>0</CustID><AmountDiscountPercent>0</AmountDiscountPercent><RefundMode>0</RefundMode><Components><Component ID=""><PluCode>1</PluCode><Title>כללי</Title><CompAmount>10</CompAmount><CompCashDiscount>0</CompCashDiscount><CompDiscount>0</CompDiscount><CodeFlag>1</CodeFlag><StockAmount>1</StockAmount><DiscountType>0</DiscountType><SecondDiscFlag>0</SecondDiscFlag><SecondFreeFlag>0</SecondFreeFlag><OtherDiscountFlag>0</OtherDiscountFlag><ClubDiscount>0</ClubDiscount><AmountPercentDiscount>0</AmountPercentDiscount><DepartmentFlag>0</DepartmentFlag><DepartmentNum>0</DepartmentNum><WeigthFlag>0</WeigthFlag><WeightQty>1</WeightQty></Component></Components><Payments><Payment ID=""><PaymID>1</PaymID><CashSum>10</CashSum><ChequeSum>0.00</ChequeSum><FullData>0</FullData><ChequeNumber></ChequeNumber><PayDate></PayDate><BankNo>0</BankNo><BankDeptNo>0</BankDeptNo><BankCntNo></BankCntNo><CouponSum>0.00</CouponSum><CouponNumber>0</CouponNumber><FrnCurrSum>0.00</FrnCurrSum><CurrencyID>0</CurrencyID><IsInShekels>0</IsInShekels><CreditCardSum>0.00</CreditCardSum><FirstPayment>0.00</FirstPayment><OtherPayment>0.00</OtherPayment><CardNum></CardNum><ExpDate>0</ExpDate><CreditTerms>0</CreditTerms><CompanyNum>0</CompanyNum><NumPayments>0</NumPayments><TranCode>0</TranCode><TranType>0</TranType><AuthorizCode>0</AuthorizCode><Currency>0</Currency><AuthorizNo>0</AuthorizNo><Deposited>0</Deposited><Track2></Track2><Track2Len>0</Track2Len><FileNum>0</FileNum><CTransCount>0</CTransCount><ComReason>0</ComReason><CochavAmount>0.00</CochavAmount><ClubCode>0</ClubCode><HakafaSum>0.00</HakafaSum><CustID>0</CustID><IsRefundVoucher>0</IsRefundVoucher><IsChangingVoucher>0</IsChangingVoucher></Payment></Payments></Transaction><Transaction ID="" Terminal="1241" ChnNum="3950007"><TranNum>14594</TranNum><JournalNum>395</JournalNum><TranAmount>38</TranAmount><TranDiscount>0</TranDiscount><TranCashDiscount>0</TranCashDiscount><tChange>0</tChange><TranDate>2013-05-21</TranDate><TranTime>11:32:39</TranTime><IsRefund>0</IsRefund><IsDebtPayment>1</IsDebtPayment><CashierFlag>1</CashierFlag><CashierNum>1</CashierNum><AmountDiscountType>0</AmountDiscountType><ClubDealFlag>0</ClubDealFlag><CustID>0</CustID><AmountDiscountPercent>0</AmountDiscountPercent><RefundMode>0</RefundMode><Components><Component ID=""><PluCode>1</PluCode><Title>כללי</Title><CompAmount>24</CompAmount><CompCashDiscount>0</CompCashDiscount><CompDiscount>0</CompDiscount><CodeFlag>1</CodeFlag><StockAmount>1</StockAmount><DiscountType>0</DiscountType><SecondDiscFlag>0</SecondDiscFlag><SecondFreeFlag>0</SecondFreeFlag><OtherDiscountFlag>0</OtherDiscountFlag><ClubDiscount>0</ClubDiscount><AmountPercentDiscount>0</AmountPercentDiscount><DepartmentFlag>0</DepartmentFlag><DepartmentNum>0</DepartmentNum><WeigthFlag>0</WeigthFlag><WeightQty>1</WeightQty></Component><Component ID=""><PluCode>1</PluCode><Title>כללי</Title><CompAmount>14</CompAmount><CompCashDiscount>0</CompCashDiscount><CompDiscount>0</CompDiscount><CodeFlag>1</CodeFlag><StockAmount>1</StockAmount><DiscountType>0</DiscountType><SecondDiscFlag>0</SecondDiscFlag><SecondFreeFlag>0</SecondFreeFlag><OtherDiscountFlag>0</OtherDiscountFlag><ClubDiscount>0</ClubDiscount><AmountPercentDiscount>0</AmountPercentDiscount><DepartmentFlag>0</DepartmentFlag><DepartmentNum>0</DepartmentNum><WeigthFlag>0</WeigthFlag><WeightQty>1</WeightQty></Component></Components><Payments><Payment ID=""><PaymID>1</PaymID><CashSum>38</CashSum><ChequeSum>0.00</ChequeSum><FullData>0</FullData><ChequeNumber></ChequeNumber><PayDate></PayDate><BankNo>0</BankNo><BankDeptNo>0</BankDeptNo><BankCntNo></BankCntNo><CouponSum>0.00</CouponSum><CouponNumber>0</CouponNumber><FrnCurrSum>0.00</FrnCurrSum><CurrencyID>0</CurrencyID><IsInShekels>0</IsInShekels><CreditCardSum>0.00</CreditCardSum><FirstPayment>0.00</FirstPayment><OtherPayment>0.00</OtherPayment><CardNum></CardNum><ExpDate>0</ExpDate><CreditTerms>0</CreditTerms><CompanyNum>0</CompanyNum><NumPayments>0</NumPayments><TranCode>0</TranCode><TranType>0</TranType><AuthorizCode>0</AuthorizCode><Currency>0</Currency><AuthorizNo>0</AuthorizNo><Deposited>0</Deposited><Track2></Track2><Track2Len>0</Track2Len><FileNum>0</FileNum><CTransCount>0</CTransCount><ComReason>0</ComReason><CochavAmount>0.00</CochavAmount><ClubCode>0</ClubCode><HakafaSum>0.00</HakafaSum><CustID>0</CustID><IsRefundVoucher>0</IsRefundVoucher><IsChangingVoucher>0</IsChangingVoucher></Payment></Payments></Transaction><Transaction ID="" Terminal="1241" ChnNum="3950008"><TranNum>14595</TranNum><JournalNum>395</JournalNum><TranAmount>15</TranAmount><TranDiscount>0</TranDiscount><TranCashDiscount>0</TranCashDiscount><tChange>0</tChange><TranDate>2013-05-21</TranDate><TranTime>11:39:32</TranTime><IsRefund>0</IsRefund><IsDebtPayment>1</IsDebtPayment><CashierFlag>1</CashierFlag><CashierNum>1</CashierNum><AmountDiscountType>0</AmountDiscountType><ClubDealFlag>0</ClubDealFlag><CustID>0</CustID><AmountDiscountPercent>0</AmountDiscountPercent><RefundMode>0</RefundMode><Components><Component ID=""><PluCode>1</PluCode><Title>כללי</Title><CompAmount>15</CompAmount><CompCashDiscount>0</CompCashDiscount><CompDiscount>0</CompDiscount><CodeFlag>1</CodeFlag><StockAmount>1</StockAmount><DiscountType>0</DiscountType><SecondDiscFlag>0</SecondDiscFlag><SecondFreeFlag>0</SecondFreeFlag><OtherDiscountFlag>0</OtherDiscountFlag><ClubDiscount>0</ClubDiscount><AmountPercentDiscount>0</AmountPercentDiscount><DepartmentFlag>0</DepartmentFlag><DepartmentNum>0</DepartmentNum><WeigthFlag>0</WeigthFlag><WeightQty>1</WeightQty></Component></Components><Payments><Payment ID=""><PaymID>1</PaymID><CashSum>15</CashSum><ChequeSum>0.00</ChequeSum><FullData>0</FullData><ChequeNumber></ChequeNumber><PayDate></PayDate><BankNo>0</BankNo><BankDeptNo>0</BankDeptNo><BankCntNo></BankCntNo><CouponSum>0.00</CouponSum><CouponNumber>0</CouponNumber><FrnCurrSum>0.00</FrnCurrSum><CurrencyID>0</CurrencyID><IsInShekels>0</IsInShekels><CreditCardSum>0.00</CreditCardSum><FirstPayment>0.00</FirstPayment><OtherPayment>0.00</OtherPayment><CardNum></CardNum><ExpDate>0</ExpDate><CreditTerms>0</CreditTerms><CompanyNum>0</CompanyNum><NumPayments>0</NumPayments><TranCode>0</TranCode><TranType>0</TranType><AuthorizCode>0</AuthorizCode><Currency>0</Currency><AuthorizNo>0</AuthorizNo><Deposited>0</Deposited><Track2></Track2><Track2Len>0</Track2Len><FileNum>0</FileNum><CTransCount>0</CTransCount><ComReason>0</ComReason><CochavAmount>0.00</CochavAmount><ClubCode>0</ClubCode><HakafaSum>0.00</HakafaSum><CustID>0</CustID><IsRefundVoucher>0</IsRefundVoucher><IsChangingVoucher>0</IsChangingVoucher></Payment></Payments></Transaction><Transaction ID="" Terminal="1241" ChnNum="3950009"><TranNum>14596</TranNum><JournalNum>395</JournalNum><TranAmount>14</TranAmount><TranDiscount>0</TranDiscount><TranCashDiscount>0</TranCashDiscount><tChange>0</tChange><TranDate>2013-05-21</TranDate><TranTime>11:49:43</TranTime><IsRefund>0</IsRefund><IsDebtPayment>1</IsDebtPayment><CashierFlag>1</CashierFlag><CashierNum>1</CashierNum><AmountDiscountType>0</AmountDiscountType><ClubDealFlag>0</ClubDealFlag><CustID>0</CustID><AmountDiscountPercent>0</AmountDiscountPercent><RefundMode>0</RefundMode><Components><Component ID=""><PluCode>1</PluCode><Title>כללי</Title><CompAmount>14</CompAmount><CompCashDiscount>0</CompCashDiscount><CompDiscount>0</CompDiscount><CodeFlag>1</CodeFlag><StockAmount>1</StockAmount><DiscountType>0</DiscountType><SecondDiscFlag>0</SecondDiscFlag><SecondFreeFlag>0</SecondFreeFlag><OtherDiscountFlag>0</OtherDiscountFlag><ClubDiscount>0</ClubDiscount><AmountPercentDiscount>0</AmountPercentDiscount><DepartmentFlag>0</DepartmentFlag><DepartmentNum>0</DepartmentNum><WeigthFlag>0</WeigthFlag><WeightQty>1</WeightQty></Component></Components><Payments><Payment ID=""><PaymID>1</PaymID><CashSum>14</CashSum><ChequeSum>0.00</ChequeSum><FullData>0</FullData><ChequeNumber></ChequeNumber><PayDate></PayDate><BankNo>0</BankNo><BankDeptNo>0</BankDeptNo><BankCntNo></BankCntNo><CouponSum>0.00</CouponSum><CouponNumber>0</CouponNumber><FrnCurrSum>0.00</FrnCurrSum><CurrencyID>0</CurrencyID><IsInShekels>0</IsInShekels><CreditCardSum>0.00</CreditCardSum><FirstPayment>0.00</FirstPayment><OtherPayment>0.00</OtherPayment><CardNum></CardNum><ExpDate>0</ExpDate><CreditTerms>0</CreditTerms><CompanyNum>0</CompanyNum><NumPayments>0</NumPayments><TranCode>0</TranCode><TranType>0</TranType><AuthorizCode>0</AuthorizCode><Currency>0</Currency><AuthorizNo>0</AuthorizNo><Deposited>0</Deposited><Track2></Track2><Track2Len>0</Track2Len><FileNum>0</FileNum><CTransCount>0</CTransCount><ComReason>0</ComReason><CochavAmount>0.00</CochavAmount><ClubCode>0</ClubCode><HakafaSum>0.00</HakafaSum><CustID>0</CustID><IsRefundVoucher>0</IsRefundVoucher><IsChangingVoucher>0</IsChangingVoucher></Payment></Payments></Transaction><Transaction ID="" Terminal="1241" ChnNum="3950010"><TranNum>14597</TranNum><JournalNum>395</JournalNum><TranAmount>3</TranAmount><TranDiscount>0</TranDiscount><TranCashDiscount>0</TranCashDiscount><tChange>0</tChange><TranDate>2013-05-21</TranDate><TranTime>12:25:27</TranTime><IsRefund>0</IsRefund><IsDebtPayment>1</IsDebtPayment><CashierFlag>1</CashierFlag><CashierNum>1</CashierNum><AmountDiscountType>0</AmountDiscountType><ClubDealFlag>0</ClubDealFlag><CustID>0</CustID><AmountDiscountPercent>0</AmountDiscountPercent><RefundMode>0</RefundMode><Components><Component ID=""><PluCode>1</PluCode><Title>כללי</Title><CompAmount>3</CompAmount><CompCashDiscount>0</CompCashDiscount><CompDiscount>0</CompDiscount><CodeFlag>1</CodeFlag><StockAmount>1</StockAmount><DiscountType>0</DiscountType><SecondDiscFlag>0</SecondDiscFlag><SecondFreeFlag>0</SecondFreeFlag><OtherDiscountFlag>0</OtherDiscountFlag><ClubDiscount>0</ClubDiscount><AmountPercentDiscount>0</AmountPercentDiscount><DepartmentFlag>0</DepartmentFlag><DepartmentNum>0</DepartmentNum><WeigthFlag>0</WeigthFlag><WeightQty>1</WeightQty></Component></Components><Payments><Payment ID=""><PaymID>1</PaymID><CashSum>3</CashSum><ChequeSum>0.00</ChequeSum><FullData>0</FullData><ChequeNumber></ChequeNumber><PayDate></PayDate><BankNo>0</BankNo><BankDeptNo>0</BankDeptNo><BankCntNo></BankCntNo><CouponSum>0.00</CouponSum><CouponNumber>0</CouponNumber><FrnCurrSum>0.00</FrnCurrSum><CurrencyID>0</CurrencyID><IsInShekels>0</IsInShekels><CreditCardSum>0.00</CreditCardSum><FirstPayment>0.00</FirstPayment><OtherPayment>0.00</OtherPayment><CardNum></CardNum><ExpDate>0</ExpDate><CreditTerms>0</CreditTerms><CompanyNum>0</CompanyNum><NumPayments>0</NumPayments><TranCode>0</TranCode><TranType>0</TranType><AuthorizCode>0</AuthorizCode><Currency>0</Currency><AuthorizNo>0</AuthorizNo><Deposited>0</Deposited><Track2></Track2><Track2Len>0</Track2Len><FileNum>0</FileNum><CTransCount>0</CTransCount><ComReason>0</ComReason><CochavAmount>0.00</CochavAmount><ClubCode>0</ClubCode><HakafaSum>0.00</HakafaSum><CustID>0</CustID><IsRefundVoucher>0</IsRefundVoucher><IsChangingVoucher>0</IsChangingVoucher></Payment></Payments></Transaction><Transaction ID="" Terminal="1241" ChnNum="3950011"><TranNum>14598</TranNum><JournalNum>395</JournalNum><TranAmount>18.9</TranAmount><TranDiscount>0</TranDiscount><TranCashDiscount>0</TranCashDiscount><tChange>0</tChange><TranDate>2013-05-21</TranDate><TranTime>12:30:39</TranTime><IsRefund>0</IsRefund><IsDebtPayment>1</IsDebtPayment><CashierFlag>1</CashierFlag><CashierNum>1</CashierNum><AmountDiscountType>0</AmountDiscountType><ClubDealFlag>0</ClubDealFlag><CustID>0</CustID><AmountDiscountPercent>0</AmountDiscountPercent><RefundMode>0</RefundMode><Components><Component ID=""><PluCode>1389</PluCode><Title>סודה קאוסטיק 1 ק"ג</Title><CompAmount>18.9</CompAmount><CompCashDiscount>0</CompCashDiscount><CompDiscount>0</CompDiscount><CodeFlag>1</CodeFlag><StockAmount>1</StockAmount><DiscountType>0</DiscountType><SecondDiscFlag>0</SecondDiscFlag><SecondFreeFlag>0</SecondFreeFlag><OtherDiscountFlag>0</OtherDiscountFlag><ClubDiscount>0</ClubDiscount><AmountPercentDiscount>0</AmountPercentDiscount><DepartmentFlag>0</DepartmentFlag><DepartmentNum>0</DepartmentNum><WeigthFlag>0</WeigthFlag><WeightQty>1</WeightQty></Component></Components><Payments><Payment ID=""><PaymID>1</PaymID><CashSum>18.9</CashSum><ChequeSum>0.00</ChequeSum><FullData>0</FullData><ChequeNumber></ChequeNumber><PayDate></PayDate><BankNo>0</BankNo><BankDeptNo>0</BankDeptNo><BankCntNo></BankCntNo><CouponSum>0.00</CouponSum><CouponNumber>0</CouponNumber><FrnCurrSum>0.00</FrnCurrSum><CurrencyID>0</CurrencyID><IsInShekels>0</IsInShekels><CreditCardSum>0.00</CreditCardSum><FirstPayment>0.00</FirstPayment><OtherPayment>0.00</OtherPayment><CardNum></CardNum><ExpDate>0</ExpDate><CreditTerms>0</CreditTerms><CompanyNum>0</CompanyNum><NumPayments>0</NumPayments><TranCode>0</TranCode><TranType>0</TranType><AuthorizCode>0</AuthorizCode><Currency>0</Currency><AuthorizNo>0</AuthorizNo><Deposited>0</Deposited><Track2></Track2><Track2Len>0</Track2Len><FileNum>0</FileNum><CTransCount>0</CTransCount><ComReason>0</ComReason><CochavAmount>0.00</CochavAmount><ClubCode>0</ClubCode><HakafaSum>0.00</HakafaSum><CustID>0</CustID><IsRefundVoucher>0</IsRefundVoucher><IsChangingVoucher>0</IsChangingVoucher></Payment></Payments></Transaction><Transaction ID="" Terminal="1241" ChnNum="3950012"><TranNum>14599</TranNum><JournalNum>395</JournalNum><TranAmount>10</TranAmount><TranDiscount>0</TranDiscount><TranCashDiscount>0</TranCashDiscount><tChange>0</tChange><TranDate>2013-05-21</TranDate><TranTime>12:41:57</TranTime><IsRefund>0</IsRefund><IsDebtPayment>1</IsDebtPayment><CashierFlag>1</CashierFlag><CashierNum>1</CashierNum><AmountDiscountType>0</AmountDiscountType><ClubDealFlag>0</ClubDealFlag><CustID>0</CustID><AmountDiscountPercent>0</AmountDiscountPercent><RefundMode>0</RefundMode><Components><Component ID=""><PluCode>1</PluCode><Title>כללי</Title><CompAmount>10</CompAmount><CompCashDiscount>0</CompCashDiscount><CompDiscount>0</CompDiscount><CodeFlag>1</CodeFlag><StockAmount>1</StockAmount><DiscountType>0</DiscountType><SecondDiscFlag>0</SecondDiscFlag><SecondFreeFlag>0</SecondFreeFlag><OtherDiscountFlag>0</OtherDiscountFlag><ClubDiscount>0</ClubDiscount><AmountPercentDiscount>0</AmountPercentDiscount><DepartmentFlag>0</DepartmentFlag><DepartmentNum>0</DepartmentNum><WeigthFlag>0</WeigthFlag><WeightQty>1</WeightQty></Component></Components><Payments><Payment ID=""><PaymID>1</PaymID><CashSum>10</CashSum><ChequeSum>0.00</ChequeSum><FullData>0</FullData><ChequeNumber></ChequeNumber><PayDate></PayDate><BankNo>0</BankNo><BankDeptNo>0</BankDeptNo><BankCntNo></BankCntNo><CouponSum>0.00</CouponSum><CouponNumber>0</CouponNumber><FrnCurrSum>0.00</FrnCurrSum><CurrencyID>0</CurrencyID><IsInShekels>0</IsInShekels><CreditCardSum>0.00</CreditCardSum><FirstPayment>0.00</FirstPayment><OtherPayment>0.00</OtherPayment><CardNum></CardNum><ExpDate>0</ExpDate><CreditTerms>0</CreditTerms><CompanyNum>0</CompanyNum><NumPayments>0</NumPayments><TranCode>0</TranCode><TranType>0</TranType><AuthorizCode>0</AuthorizCode><Currency>0</Currency><AuthorizNo>0</AuthorizNo><Deposited>0</Deposited><Track2></Track2><Track2Len>0</Track2Len><FileNum>0</FileNum><CTransCount>0</CTransCount><ComReason>0</ComReason><CochavAmount>0.00</CochavAmount><ClubCode>0</ClubCode><HakafaSum>0.00</HakafaSum><CustID>0</CustID><IsRefundVoucher>0</IsRefundVoucher><IsChangingVoucher>0</IsChangingVoucher></Payment></Payments></Transaction><Transaction ID="" Terminal="1241" ChnNum="3950013"><TranNum>14600</TranNum><JournalNum>395</JournalNum><TranAmount>20</TranAmount><TranDiscount>0</TranDiscount><TranCashDiscount>0</TranCashDiscount><tChange>0</tChange><TranDate>2013-05-21</TranDate><TranTime>12:44:52</TranTime><IsRefund>0</IsRefund><IsDebtPayment>1</IsDebtPayment><CashierFlag>1</CashierFlag><CashierNum>1</CashierNum><AmountDiscountType>0</AmountDiscountType><ClubDealFlag>0</ClubDealFlag><CustID>0</CustID><AmountDiscountPercent>0</AmountDiscountPercent><RefundMode>0</RefundMode><Components><Component ID=""><PluCode>1</PluCode><Title>כללי</Title><CompAmount>20</CompAmount><CompCashDiscount>0</CompCashDiscount><CompDiscount>0</CompDiscount><CodeFlag>1</CodeFlag><StockAmount>1</StockAmount><DiscountType>0</DiscountType><SecondDiscFlag>0</SecondDiscFlag><SecondFreeFlag>0</SecondFreeFlag><OtherDiscountFlag>0</OtherDiscountFlag><ClubDiscount>0</ClubDiscount><AmountPercentDiscount>0</AmountPercentDiscount><DepartmentFlag>0</DepartmentFlag><DepartmentNum>0</DepartmentNum><WeigthFlag>0</WeigthFlag><WeightQty>1</WeightQty></Component></Components><Payments><Payment ID=""><PaymID>1</PaymID><CashSum>20</CashSum><ChequeSum>0.00</ChequeSum><FullData>0</FullData><ChequeNumber></ChequeNumber><PayDate></PayDate><BankNo>0</BankNo><BankDeptNo>0</BankDeptNo><BankCntNo></BankCntNo><CouponSum>0.00</CouponSum><CouponNumber>0</CouponNumber><FrnCurrSum>0.00</FrnCurrSum><CurrencyID>0</CurrencyID><IsInShekels>0</IsInShekels><CreditCardSum>0.00</CreditCardSum><FirstPayment>0.00</FirstPayment><OtherPayment>0.00</OtherPayment><CardNum></CardNum><ExpDate>0</ExpDate><CreditTerms>0</CreditTerms><CompanyNum>0</CompanyNum><NumPayments>0</NumPayments><TranCode>0</TranCode><TranType>0</TranType><AuthorizCode>0</AuthorizCode><Currency>0</Currency><AuthorizNo>0</AuthorizNo><Deposited>0</Deposited><Track2></Track2><Track2Len>0</Track2Len><FileNum>0</FileNum><CTransCount>0</CTransCount><ComReason>0</ComReason><CochavAmount>0.00</CochavAmount><ClubCode>0</ClubCode><HakafaSum>0.00</HakafaSum><CustID>0</CustID><IsRefundVoucher>0</IsRefundVoucher><IsChangingVoucher>0</IsChangingVoucher></Payment></Payments></Transaction><Transaction ID="" Terminal="1241" ChnNum="3950014"><TranNum>14601</TranNum><JournalNum>395</JournalNum><TranAmount>10</TranAmount><TranDiscount>0</TranDiscount><TranCashDiscount>0</TranCashDiscount><tChange>0</tChange><TranDate>2013-05-21</TranDate><TranTime>13:19:58</TranTime><IsRefund>0</IsRefund><IsDebtPayment>1</IsDebtPayment><CashierFlag>1</CashierFlag><CashierNum>1</CashierNum><AmountDiscountType>0</AmountDiscountType><ClubDealFlag>0</ClubDealFlag><CustID>0</CustID><AmountDiscountPercent>0</AmountDiscountPercent><RefundMode>0</RefundMode><Components><Component ID=""><PluCode>13035</PluCode><Title>מעביר T2 ויסבורד/נתך</Title><CompAmount>10</CompAmount><CompCashDiscount>0</CompCashDiscount><CompDiscount>0</CompDiscount><CodeFlag>1</CodeFlag><StockAmount>1</StockAmount><DiscountType>0</DiscountType><SecondDiscFlag>0</SecondDiscFlag><SecondFreeFlag>0</SecondFreeFlag><OtherDiscountFlag>0</OtherDiscountFlag><ClubDiscount>0</ClubDiscount><AmountPercentDiscount>0</AmountPercentDiscount><DepartmentFlag>0</DepartmentFlag><DepartmentNum>0</DepartmentNum><WeigthFlag>0</WeigthFlag><WeightQty>1</WeightQty></Component></Components><Payments><Payment ID=""><PaymID>1</PaymID><CashSum>10</CashSum><ChequeSum>0.00</ChequeSum><FullData>0</FullData><ChequeNumber></ChequeNumber><PayDate></PayDate><BankNo>0</BankNo><BankDeptNo>0</BankDeptNo><BankCntNo></BankCntNo><CouponSum>0.00</CouponSum><CouponNumber>0</CouponNumber><FrnCurrSum>0.00</FrnCurrSum><CurrencyID>0</CurrencyID><IsInShekels>0</IsInShekels><CreditCardSum>0.00</CreditCardSum><FirstPayment>0.00</FirstPayment><OtherPayment>0.00</OtherPayment><CardNum></CardNum><ExpDate>0</ExpDate><CreditTerms>0</CreditTerms><CompanyNum>0</CompanyNum><NumPayments>0</NumPayments><TranCode>0</TranCode><TranType>0</TranType><AuthorizCode>0</AuthorizCode><Currency>0</Currency><AuthorizNo>0</AuthorizNo><Deposited>0</Deposited><Track2></Track2><Track2Len>0</Track2Len><FileNum>0</FileNum><CTransCount>0</CTransCount><ComReason>0</ComReason><CochavAmount>0.00</CochavAmount><ClubCode>0</ClubCode><HakafaSum>0.00</HakafaSum><CustID>0</CustID><IsRefundVoucher>0</IsRefundVoucher><IsChangingVoucher>0</IsChangingVoucher></Payment></Payments></Transaction><Transaction ID="" Terminal="1241" ChnNum="3950015"><TranNum>14602</TranNum><JournalNum>395</JournalNum><TranAmount>17</TranAmount><TranDiscount>0</TranDiscount><TranCashDiscount>0</TranCashDiscount><tChange>0</tChange><TranDate>2013-05-21</TranDate><TranTime>13:45:05</TranTime><IsRefund>0</IsRefund><IsDebtPayment>1</IsDebtPayment><CashierFlag>1</CashierFlag><CashierNum>1</CashierNum><AmountDiscountType>0</AmountDiscountType><ClubDealFlag>0</ClubDealFlag><CustID>0</CustID><AmountDiscountPercent>0</AmountDiscountPercent><RefundMode>0</RefundMode><Components><Component ID=""><PluCode>8358</PluCode><Title>נוזל רצפות פרימיום 4 ל' ג'ונסון קלין</Title><CompAmount>17</CompAmount><CompCashDiscount>0</CompCashDiscount><CompDiscount>0</CompDiscount><CodeFlag>1</CodeFlag><StockAmount>1</StockAmount><DiscountType>0</DiscountType><SecondDiscFlag>0</SecondDiscFlag><SecondFreeFlag>0</SecondFreeFlag><OtherDiscountFlag>0</OtherDiscountFlag><ClubDiscount>0</ClubDiscount><AmountPercentDiscount>0</AmountPercentDiscount><DepartmentFlag>0</DepartmentFlag><DepartmentNum>0</DepartmentNum><WeigthFlag>0</WeigthFlag><WeightQty>1</WeightQty></Component></Components><Payments><Payment ID=""><PaymID>1</PaymID><CashSum>17</CashSum><ChequeSum>0.00</ChequeSum><FullData>0</FullData><ChequeNumber></ChequeNumber><PayDate></PayDate><BankNo>0</BankNo><BankDeptNo>0</BankDeptNo><BankCntNo></BankCntNo><CouponSum>0.00</CouponSum><CouponNumber>0</CouponNumber><FrnCurrSum>0.00</FrnCurrSum><CurrencyID>0</CurrencyID><IsInShekels>0</IsInShekels><CreditCardSum>0.00</CreditCardSum><FirstPayment>0.00</FirstPayment><OtherPayment>0.00</OtherPayment><CardNum></CardNum><ExpDate>0</ExpDate><CreditTerms>0</CreditTerms><CompanyNum>0</CompanyNum><NumPayments>0</NumPayments><TranCode>0</TranCode><TranType>0</TranType><AuthorizCode>0</AuthorizCode><Currency>0</Currency><AuthorizNo>0</AuthorizNo><Deposited>0</Deposited><Track2></Track2><Track2Len>0</Track2Len><FileNum>0</FileNum><CTransCount>0</CTransCount><ComReason>0</ComReason><CochavAmount>0.00</CochavAmount><ClubCode>0</ClubCode><HakafaSum>0.00</HakafaSum><CustID>0</CustID><IsRefundVoucher>0</IsRefundVoucher><IsChangingVoucher>0</IsChangingVoucher></Payment></Payments></Transaction><Transaction ID="" Terminal="1241" ChnNum="3950016"><TranNum>14603</TranNum><JournalNum>395</JournalNum><TranAmount>10</TranAmount><TranDiscount>0</TranDiscount><TranCashDiscount>0</TranCashDiscount><tChange>0</tChange><TranDate>2013-05-21</TranDate><TranTime>13:47:28</TranTime><IsRefund>0</IsRefund><IsDebtPayment>1</IsDebtPayment><CashierFlag>1</CashierFlag><CashierNum>1</CashierNum><AmountDiscountType>0</AmountDiscountType><ClubDealFlag>0</ClubDealFlag><CustID>0</CustID><AmountDiscountPercent>0</AmountDiscountPercent><RefundMode>0</RefundMode><Components><Component ID=""><PluCode>1</PluCode><Title>כללי</Title><CompAmount>10</CompAmount><CompCashDiscount>0</CompCashDiscount><CompDiscount>0</CompDiscount><CodeFlag>1</CodeFlag><StockAmount>1</StockAmount><DiscountType>0</DiscountType><SecondDiscFlag>0</SecondDiscFlag><SecondFreeFlag>0</SecondFreeFlag><OtherDiscountFlag>0</OtherDiscountFlag><ClubDiscount>0</ClubDiscount><AmountPercentDiscount>0</AmountPercentDiscount><DepartmentFlag>0</DepartmentFlag><DepartmentNum>0</DepartmentNum><WeigthFlag>0</WeigthFlag><WeightQty>1</WeightQty></Component></Components><Payments><Payment ID=""><PaymID>1</PaymID><CashSum>10</CashSum><ChequeSum>0.00</ChequeSum><FullData>0</FullData><ChequeNumber></ChequeNumber><PayDate></PayDate><BankNo>0</BankNo><BankDeptNo>0</BankDeptNo><BankCntNo></BankCntNo><CouponSum>0.00</CouponSum><CouponNumber>0</CouponNumber><FrnCurrSum>0.00</FrnCurrSum><CurrencyID>0</CurrencyID><IsInShekels>0</IsInShekels><CreditCardSum>0.00</CreditCardSum><FirstPayment>0.00</FirstPayment><OtherPayment>0.00</OtherPayment><CardNum></CardNum><ExpDate>0</ExpDate><CreditTerms>0</CreditTerms><CompanyNum>0</CompanyNum><NumPayments>0</NumPayments><TranCode>0</TranCode><TranType>0</TranType><AuthorizCode>0</AuthorizCode><Currency>0</Currency><AuthorizNo>0</AuthorizNo><Deposited>0</Deposited><Track2></Track2><Track2Len>0</Track2Len><FileNum>0</FileNum><CTransCount>0</CTransCount><ComReason>0</ComReason><CochavAmount>0.00</CochavAmount><ClubCode>0</ClubCode><HakafaSum>0.00</HakafaSum><CustID>0</CustID><IsRefundVoucher>0</IsRefundVoucher><IsChangingVoucher>0</IsChangingVoucher></Payment></Payments></Transaction><Transaction ID="" Terminal="1241" ChnNum="3950017"><TranNum>14604</TranNum><JournalNum>395</JournalNum><TranAmount>120</TranAmount><TranDiscount>0</TranDiscount><TranCashDiscount>0</TranCashDiscount><tChange>0</tChange><TranDate>2013-05-21</TranDate><TranTime>15:00:59</TranTime><IsRefund>0</IsRefund><IsDebtPayment>1</IsDebtPayment><CashierFlag>1</CashierFlag><CashierNum>1</CashierNum><AmountDiscountType>0</AmountDiscountType><ClubDealFlag>0</ClubDealFlag><CustID>0</CustID><AmountDiscountPercent>0</AmountDiscountPercent><RefundMode>0</RefundMode><Components><Component ID=""><PluCode>1</PluCode><Title>כללי</Title><CompAmount>120</CompAmount><CompCashDiscount>0</CompCashDiscount><CompDiscount>0</CompDiscount><CodeFlag>1</CodeFlag><StockAmount>1</StockAmount><DiscountType>0</DiscountType><SecondDiscFlag>0</SecondDiscFlag><SecondFreeFlag>0</SecondFreeFlag><OtherDiscountFlag>0</OtherDiscountFlag><ClubDiscount>0</ClubDiscount><AmountPercentDiscount>0</AmountPercentDiscount><DepartmentFlag>0</DepartmentFlag><DepartmentNum>0</DepartmentNum><WeigthFlag>0</WeigthFlag><WeightQty>1</WeightQty></Component></Components><Payments><Payment ID=""><PaymID>5</PaymID><CashSum>0.00</CashSum><ChequeSum>0.00</ChequeSum><FullData>0</FullData><ChequeNumber></ChequeNumber><PayDate></PayDate><BankNo>0</BankNo><BankDeptNo>0</BankDeptNo><BankCntNo></BankCntNo><CouponSum>0.00</CouponSum><CouponNumber>0</CouponNumber><FrnCurrSum>0.00</FrnCurrSum><CurrencyID>0</CurrencyID><IsInShekels>0</IsInShekels><CreditCardSum>120</CreditCardSum><FirstPayment>120</FirstPayment><OtherPayment>120</OtherPayment><CardNum>4580060005743632</CardNum><ExpDate>2014-06-01 00:00:00</ExpDate><CreditTerms>1</CreditTerms><CompanyNum>2</CompanyNum><NumPayments>1</NumPayments><TranCode>Regular</TranCode><TranType>1</TranType><AuthorizCode>Manual</AuthorizCode><Currency>1</Currency><AuthorizNo></AuthorizNo><Deposited>0</Deposited><Track2></Track2><Track2Len>0</Track2Len><FileNum>0</FileNum><CTransCount>0</CTransCount><ComReason>2</ComReason><CochavAmount>0</CochavAmount><ClubCode>0</ClubCode><HakafaSum>0.00</HakafaSum><CustID>0</CustID><IsRefundVoucher>0</IsRefundVoucher><IsChangingVoucher>0</IsChangingVoucher></Payment></Payments></Transaction><Transaction ID="" Terminal="1241" ChnNum="3950018"><TranNum>14605</TranNum><JournalNum>395</JournalNum><TranAmount>1</TranAmount><TranDiscount>0</TranDiscount><TranCashDiscount>0</TranCashDiscount><tChange>0</tChange><TranDate>2013-05-21</TranDate><TranTime>15:07:47</TranTime><IsRefund>0</IsRefund><IsDebtPayment>1</IsDebtPayment><CashierFlag>1</CashierFlag><CashierNum>1</CashierNum><AmountDiscountType>0</AmountDiscountType><ClubDealFlag>0</ClubDealFlag><CustID>0</CustID><AmountDiscountPercent>0</AmountDiscountPercent><RefundMode>0</RefundMode><Components><Component ID=""><PluCode>1</PluCode><Title>כללי</Title><CompAmount>1</CompAmount><CompCashDiscount>0</CompCashDiscount><CompDiscount>0</CompDiscount><CodeFlag>1</CodeFlag><StockAmount>1</StockAmount><DiscountType>0</DiscountType><SecondDiscFlag>0</SecondDiscFlag><SecondFreeFlag>0</SecondFreeFlag><OtherDiscountFlag>0</OtherDiscountFlag><ClubDiscount>0</ClubDiscount><AmountPercentDiscount>0</AmountPercentDiscount><DepartmentFlag>0</DepartmentFlag><DepartmentNum>0</DepartmentNum><WeigthFlag>0</WeigthFlag><WeightQty>1</WeightQty></Component></Components><Payments><Payment ID=""><PaymID>1</PaymID><CashSum>1</CashSum><ChequeSum>0.00</ChequeSum><FullData>0</FullData><ChequeNumber></ChequeNumber><PayDate></PayDate><BankNo>0</BankNo><BankDeptNo>0</BankDeptNo><BankCntNo></BankCntNo><CouponSum>0.00</CouponSum><CouponNumber>0</CouponNumber><FrnCurrSum>0.00</FrnCurrSum><CurrencyID>0</CurrencyID><IsInShekels>0</IsInShekels><CreditCardSum>0.00</CreditCardSum><FirstPayment>0.00</FirstPayment><OtherPayment>0.00</OtherPayment><CardNum></CardNum><ExpDate>0</ExpDate><CreditTerms>0</CreditTerms><CompanyNum>0</CompanyNum><NumPayments>0</NumPayments><TranCode>0</TranCode><TranType>0</TranType><AuthorizCode>0</AuthorizCode><Currency>0</Currency><AuthorizNo>0</AuthorizNo><Deposited>0</Deposited><Track2></Track2><Track2Len>0</Track2Len><FileNum>0</FileNum><CTransCount>0</CTransCount><ComReason>0</ComReason><CochavAmount>0.00</CochavAmount><ClubCode>0</ClubCode><HakafaSum>0.00</HakafaSum><CustID>0</CustID><IsRefundVoucher>0</IsRefundVoucher><IsChangingVoucher>0</IsChangingVoucher></Payment></Payments></Transaction><Transaction ID="" Terminal="1241" ChnNum="3950019"><TranNum>14606</TranNum><JournalNum>395</JournalNum><TranAmount>33</TranAmount><TranDiscount>0</TranDiscount><TranCashDiscount>0</TranCashDiscount><tChange>0</tChange><TranDate>2013-05-21</TranDate><TranTime>15:11:13</TranTime><IsRefund>0</IsRefund><IsDebtPayment>1</IsDebtPayment><CashierFlag>1</CashierFlag><CashierNum>1</CashierNum><AmountDiscountType>0</AmountDiscountType><ClubDealFlag>0</ClubDealFlag><CustID>0</CustID><AmountDiscountPercent>0</AmountDiscountPercent><RefundMode>0</RefundMode><Components><Component ID=""><PluCode>1</PluCode><Title>ספריי כרום בוסני</Title><CompAmount>23</CompAmount><CompCashDiscount>0</CompCashDiscount><CompDiscount>0</CompDiscount><CodeFlag>1</CodeFlag><StockAmount>1</StockAmount><DiscountType>0</DiscountType><SecondDiscFlag>0</SecondDiscFlag><SecondFreeFlag>0</SecondFreeFlag><OtherDiscountFlag>0</OtherDiscountFlag><ClubDiscount>0</ClubDiscount><AmountPercentDiscount>0</AmountPercentDiscount><DepartmentFlag>0</DepartmentFlag><DepartmentNum>0</DepartmentNum><WeigthFlag>0</WeigthFlag><WeightQty>1</WeightQty></Component><Component ID=""><PluCode>1</PluCode><Title>כללי</Title><CompAmount>10</CompAmount><CompCashDiscount>0</CompCashDiscount><CompDiscount>0</CompDiscount><CodeFlag>1</CodeFlag><StockAmount>1</StockAmount><DiscountType>0</DiscountType><SecondDiscFlag>0</SecondDiscFlag><SecondFreeFlag>0</SecondFreeFlag><OtherDiscountFlag>0</OtherDiscountFlag><ClubDiscount>0</ClubDiscount><AmountPercentDiscount>0</AmountPercentDiscount><DepartmentFlag>0</DepartmentFlag><DepartmentNum>0</DepartmentNum><WeigthFlag>0</WeigthFlag><WeightQty>1</WeightQty></Component></Components><Payments><Payment ID=""><PaymID>1</PaymID><CashSum>33</CashSum><ChequeSum>0.00</ChequeSum><FullData>0</FullData><ChequeNumber></ChequeNumber><PayDate></PayDate><BankNo>0</BankNo><BankDeptNo>0</BankDeptNo><BankCntNo></BankCntNo><CouponSum>0.00</CouponSum><CouponNumber>0</CouponNumber><FrnCurrSum>0.00</FrnCurrSum><CurrencyID>0</CurrencyID><IsInShekels>0</IsInShekels><CreditCardSum>0.00</CreditCardSum><FirstPayment>0.00</FirstPayment><OtherPayment>0.00</OtherPayment><CardNum></CardNum><ExpDate>0</ExpDate><CreditTerms>0</CreditTerms><CompanyNum>0</CompanyNum><NumPayments>0</NumPayments><TranCode>0</TranCode><TranType>0</TranType><AuthorizCode>0</AuthorizCode><Currency>0</Currency><AuthorizNo>0</AuthorizNo><Deposited>0</Deposited><Track2></Track2><Track2Len>0</Track2Len><FileNum>0</FileNum><CTransCount>0</CTransCount><ComReason>0</ComReason><CochavAmount>0.00</CochavAmount><ClubCode>0</ClubCode><HakafaSum>0.00</HakafaSum><CustID>0</CustID><IsRefundVoucher>0</IsRefundVoucher><IsChangingVoucher>0</IsChangingVoucher></Payment></Payments></Transaction><Transaction ID="" Terminal="1241" ChnNum="3950020"><TranNum>14607</TranNum><JournalNum>395</JournalNum><TranAmount>28</TranAmount><TranDiscount>0</TranDiscount><TranCashDiscount>0</TranCashDiscount><tChange>0</tChange><TranDate>2013-05-21</TranDate><TranTime>15:14:37</TranTime><IsRefund>0</IsRefund><IsDebtPayment>1</IsDebtPayment><CashierFlag>1</CashierFlag><CashierNum>1</CashierNum><AmountDiscountType>0</AmountDiscountType><ClubDealFlag>0</ClubDealFlag><CustID>0</CustID><AmountDiscountPercent>0</AmountDiscountPercent><RefundMode>0</RefundMode><Components><Component ID=""><PluCode>1</PluCode><Title>כללי</Title><CompAmount>10</CompAmount><CompCashDiscount>0</CompCashDiscount><CompDiscount>0</CompDiscount><CodeFlag>1</CodeFlag><StockAmount>1</StockAmount><DiscountType>0</DiscountType><SecondDiscFlag>0</SecondDiscFlag><SecondFreeFlag>0</SecondFreeFlag><OtherDiscountFlag>0</OtherDiscountFlag><ClubDiscount>0</ClubDiscount><AmountPercentDiscount>0</AmountPercentDiscount><DepartmentFlag>0</DepartmentFlag><DepartmentNum>0</DepartmentNum><WeigthFlag>0</WeigthFlag><WeightQty>1</WeightQty></Component><Component ID=""><PluCode>1</PluCode><Title>כללי</Title><CompAmount>10</CompAmount><CompCashDiscount>0</CompCashDiscount><CompDiscount>0</CompDiscount><CodeFlag>1</CodeFlag><StockAmount>1</StockAmount><DiscountType>0</DiscountType><SecondDiscFlag>0</SecondDiscFlag><SecondFreeFlag>0</SecondFreeFlag><OtherDiscountFlag>0</OtherDiscountFlag><ClubDiscount>0</ClubDiscount><AmountPercentDiscount>0</AmountPercentDiscount><DepartmentFlag>0</DepartmentFlag><DepartmentNum>0</DepartmentNum><WeigthFlag>0</WeigthFlag><WeightQty>1</WeightQty></Component><Component ID=""><PluCode>1</PluCode><Title>כללי</Title><CompAmount>4</CompAmount><CompCashDiscount>0</CompCashDiscount><CompDiscount>0</CompDiscount><CodeFlag>1</CodeFlag><StockAmount>2</StockAmount><DiscountType>0</DiscountType><SecondDiscFlag>0</SecondDiscFlag><SecondFreeFlag>0</SecondFreeFlag><OtherDiscountFlag>0</OtherDiscountFlag><ClubDiscount>0</ClubDiscount><AmountPercentDiscount>0</AmountPercentDiscount><DepartmentFlag>0</DepartmentFlag><DepartmentNum>0</DepartmentNum><WeigthFlag>0</WeigthFlag><WeightQty>2</WeightQty></Component></Components><Payments><Payment ID=""><PaymID>1</PaymID><CashSum>28</CashSum><ChequeSum>0.00</ChequeSum><FullData>0</FullData><ChequeNumber></ChequeNumber><PayDate></PayDate><BankNo>0</BankNo><BankDeptNo>0</BankDeptNo><BankCntNo></BankCntNo><CouponSum>0.00</CouponSum><CouponNumber>0</CouponNumber><FrnCurrSum>0.00</FrnCurrSum><CurrencyID>0</CurrencyID><IsInShekels>0</IsInShekels><CreditCardSum>0.00</CreditCardSum><FirstPayment>0.00</FirstPayment><OtherPayment>0.00</OtherPayment><CardNum></CardNum><ExpDate>0</ExpDate><CreditTerms>0</CreditTerms><CompanyNum>0</CompanyNum><NumPayments>0</NumPayments><TranCode>0</TranCode><TranType>0</TranType><AuthorizCode>0</AuthorizCode><Currency>0</Currency><AuthorizNo>0</AuthorizNo><Deposited>0</Deposited><Track2></Track2><Track2Len>0</Track2Len><FileNum>0</FileNum><CTransCount>0</CTransCount><ComReason>0</ComReason><CochavAmount>0.00</CochavAmount><ClubCode>0</ClubCode><HakafaSum>0.00</HakafaSum><CustID>0</CustID><IsRefundVoucher>0</IsRefundVoucher><IsChangingVoucher>0</IsChangingVoucher></Payment></Payments></Transaction><Transaction ID="" Terminal="1241" ChnNum="3950021"><TranNum>14608</TranNum><JournalNum>395</JournalNum><TranAmount>4</TranAmount><TranDiscount>0</TranDiscount><TranCashDiscount>0</TranCashDiscount><tChange>0</tChange><TranDate>2013-05-21</TranDate><TranTime>15:28:16</TranTime><IsRefund>0</IsRefund><IsDebtPayment>1</IsDebtPayment><CashierFlag>1</CashierFlag><CashierNum>1</CashierNum><AmountDiscountType>0</AmountDiscountType><ClubDealFlag>0</ClubDealFlag><CustID>0</CustID><AmountDiscountPercent>0</AmountDiscountPercent><RefundMode>0</RefundMode><Components><Component ID=""><PluCode>1</PluCode><Title>כללי</Title><CompAmount>4</CompAmount><CompCashDiscount>0</CompCashDiscount><CompDiscount>0</CompDiscount><CodeFlag>1</CodeFlag><StockAmount>1</StockAmount><DiscountType>0</DiscountType><SecondDiscFlag>0</SecondDiscFlag><SecondFreeFlag>0</SecondFreeFlag><OtherDiscountFlag>0</OtherDiscountFlag><ClubDiscount>0</ClubDiscount><AmountPercentDiscount>0</AmountPercentDiscount><DepartmentFlag>0</DepartmentFlag><DepartmentNum>0</DepartmentNum><WeigthFlag>0</WeigthFlag><WeightQty>1</WeightQty></Component></Components><Payments><Payment ID=""><PaymID>1</PaymID><CashSum>4</CashSum><ChequeSum>0.00</ChequeSum><FullData>0</FullData><ChequeNumber></ChequeNumber><PayDate></PayDate><BankNo>0</BankNo><BankDeptNo>0</BankDeptNo><BankCntNo></BankCntNo><CouponSum>0.00</CouponSum><CouponNumber>0</CouponNumber><FrnCurrSum>0.00</FrnCurrSum><CurrencyID>0</CurrencyID><IsInShekels>0</IsInShekels><CreditCardSum>0.00</CreditCardSum><FirstPayment>0.00</FirstPayment><OtherPayment>0.00</OtherPayment><CardNum></CardNum><ExpDate>0</ExpDate><CreditTerms>0</CreditTerms><CompanyNum>0</CompanyNum><NumPayments>0</NumPayments><TranCode>0</TranCode><TranType>0</TranType><AuthorizCode>0</AuthorizCode><Currency>0</Currency><AuthorizNo>0</AuthorizNo><Deposited>0</Deposited><Track2></Track2><Track2Len>0</Track2Len><FileNum>0</FileNum><CTransCount>0</CTransCount><ComReason>0</ComReason><CochavAmount>0.00</CochavAmount><ClubCode>0</ClubCode><HakafaSum>0.00</HakafaSum><CustID>0</CustID><IsRefundVoucher>0</IsRefundVoucher><IsChangingVoucher>0</IsChangingVoucher></Payment></Payments></Transaction><Transaction ID="" Terminal="1241" ChnNum="3950022"><TranNum>14609</TranNum><JournalNum>395</JournalNum><TranAmount>18</TranAmount><TranDiscount>0</TranDiscount><TranCashDiscount>0</TranCashDiscount><tChange>0</tChange><TranDate>2013-05-21</TranDate><TranTime>15:28:58</TranTime><IsRefund>0</IsRefund><IsDebtPayment>1</IsDebtPayment><CashierFlag>1</CashierFlag><CashierNum>1</CashierNum><AmountDiscountType>0</AmountDiscountType><ClubDealFlag>0</ClubDealFlag><CustID>0</CustID><AmountDiscountPercent>0</AmountDiscountPercent><RefundMode>0</RefundMode><Components><Component ID=""><PluCode>1</PluCode><Title>כללי</Title><CompAmount>18</CompAmount><CompCashDiscount>0</CompCashDiscount><CompDiscount>0</CompDiscount><CodeFlag>1</CodeFlag><StockAmount>1</StockAmount><DiscountType>0</DiscountType><SecondDiscFlag>0</SecondDiscFlag><SecondFreeFlag>0</SecondFreeFlag><OtherDiscountFlag>0</OtherDiscountFlag><ClubDiscount>0</ClubDiscount><AmountPercentDiscount>0</AmountPercentDiscount><DepartmentFlag>0</DepartmentFlag><DepartmentNum>0</DepartmentNum><WeigthFlag>0</WeigthFlag><WeightQty>1</WeightQty></Component></Components><Payments><Payment ID=""><PaymID>1</PaymID><CashSum>18</CashSum><ChequeSum>0.00</ChequeSum><FullData>0</FullData><ChequeNumber></ChequeNumber><PayDate></PayDate><BankNo>0</BankNo><BankDeptNo>0</BankDeptNo><BankCntNo></BankCntNo><CouponSum>0.00</CouponSum><CouponNumber>0</CouponNumber><FrnCurrSum>0.00</FrnCurrSum><CurrencyID>0</CurrencyID><IsInShekels>0</IsInShekels><CreditCardSum>0.00</CreditCardSum><FirstPayment>0.00</FirstPayment><OtherPayment>0.00</OtherPayment><CardNum></CardNum><ExpDate>0</ExpDate><CreditTerms>0</CreditTerms><CompanyNum>0</CompanyNum><NumPayments>0</NumPayments><TranCode>0</TranCode><TranType>0</TranType><AuthorizCode>0</AuthorizCode><Currency>0</Currency><AuthorizNo>0</AuthorizNo><Deposited>0</Deposited><Track2></Track2><Track2Len>0</Track2Len><FileNum>0</FileNum><CTransCount>0</CTransCount><ComReason>0</ComReason><CochavAmount>0.00</CochavAmount><ClubCode>0</ClubCode><HakafaSum>0.00</HakafaSum><CustID>0</CustID><IsRefundVoucher>0</IsRefundVoucher><IsChangingVoucher>0</IsChangingVoucher></Payment></Payments></Transaction><Transaction ID="" Terminal="1241" ChnNum="3950023"><TranNum>14610</TranNum><JournalNum>395</JournalNum><TranAmount>44.5</TranAmount><TranDiscount>0</TranDiscount><TranCashDiscount>0</TranCashDiscount><tChange>0</tChange><TranDate>2013-05-21</TranDate><TranTime>15:30:59</TranTime><IsRefund>0</IsRefund><IsDebtPayment>1</IsDebtPayment><CashierFlag>1</CashierFlag><CashierNum>1</CashierNum><AmountDiscountType>0</AmountDiscountType><ClubDealFlag>0</ClubDealFlag><CustID>0</CustID><AmountDiscountPercent>0</AmountDiscountPercent><RefundMode>0</RefundMode><Components><Component ID=""><PluCode>1</PluCode><Title>כללי</Title><CompAmount>29</CompAmount><CompCashDiscount>0</CompCashDiscount><CompDiscount>0</CompDiscount><CodeFlag>1</CodeFlag><StockAmount>1</StockAmount><DiscountType>0</DiscountType><SecondDiscFlag>0</SecondDiscFlag><SecondFreeFlag>0</SecondFreeFlag><OtherDiscountFlag>0</OtherDiscountFlag><ClubDiscount>0</ClubDiscount><AmountPercentDiscount>0</AmountPercentDiscount><DepartmentFlag>0</DepartmentFlag><DepartmentNum>0</DepartmentNum><WeigthFlag>0</WeigthFlag><WeightQty>1</WeightQty></Component><Component ID=""><PluCode>8850747502396</PluCode><Title>ספריי צבע שחור בוסני</Title><CompAmount>15.5</CompAmount><CompCashDiscount>0</CompCashDiscount><CompDiscount>0</CompDiscount><CodeFlag>1</CodeFlag><StockAmount>1</StockAmount><DiscountType>0</DiscountType><SecondDiscFlag>0</SecondDiscFlag><SecondFreeFlag>0</SecondFreeFlag><OtherDiscountFlag>0</OtherDiscountFlag><ClubDiscount>0</ClubDiscount><AmountPercentDiscount>0</AmountPercentDiscount><DepartmentFlag>0</DepartmentFlag><DepartmentNum>0</DepartmentNum><WeigthFlag>0</WeigthFlag><WeightQty>1</WeightQty></Component></Components><Payments><Payment ID=""><PaymID>5</PaymID><CashSum>0.00</CashSum><ChequeSum>0.00</ChequeSum><FullData>0</FullData><ChequeNumber></ChequeNumber><PayDate></PayDate><BankNo>0</BankNo><BankDeptNo>0</BankDeptNo><BankCntNo></BankCntNo><CouponSum>0.00</CouponSum><CouponNumber>0</CouponNumber><FrnCurrSum>0.00</FrnCurrSum><CurrencyID>0</CurrencyID><IsInShekels>0</IsInShekels><CreditCardSum>44.5</CreditCardSum><FirstPayment>44.5</FirstPayment><OtherPayment>44.5</OtherPayment><CardNum>4580080005363983</CardNum><ExpDate>2014-12-01 00:00:00</ExpDate><CreditTerms>1</CreditTerms><CompanyNum>2</CompanyNum><NumPayments>1</NumPayments><TranCode>Regular</TranCode><TranType>1</TranType><AuthorizCode>Manual</AuthorizCode><Currency>1</Currency><AuthorizNo></AuthorizNo><Deposited>0</Deposited><Track2></Track2><Track2Len>0</Track2Len><FileNum>0</FileNum><CTransCount>0</CTransCount><ComReason>2</ComReason><CochavAmount>0</CochavAmount><ClubCode>0</ClubCode><HakafaSum>0.00</HakafaSum><CustID>0</CustID><IsRefundVoucher>0</IsRefundVoucher><IsChangingVoucher>0</IsChangingVoucher></Payment></Payments></Transaction><Transaction ID="" Terminal="1241" ChnNum="3950024"><TranNum>14611</TranNum><JournalNum>395</JournalNum><TranAmount>6.5</TranAmount><TranDiscount>0</TranDiscount><TranCashDiscount>0</TranCashDiscount><tChange>0</tChange><TranDate>2013-05-21</TranDate><TranTime>16:06:29</TranTime><IsRefund>0</IsRefund><IsDebtPayment>1</IsDebtPayment><CashierFlag>1</CashierFlag><CashierNum>1</CashierNum><AmountDiscountType>0</AmountDiscountType><ClubDealFlag>0</ClubDealFlag><CustID>0</CustID><AmountDiscountPercent>0</AmountDiscountPercent><RefundMode>0</RefundMode><Components><Component ID=""><PluCode>1</PluCode><Title>כללי</Title><CompAmount>6.5</CompAmount><CompCashDiscount>0</CompCashDiscount><CompDiscount>0</CompDiscount><CodeFlag>1</CodeFlag><StockAmount>1</StockAmount><DiscountType>0</DiscountType><SecondDiscFlag>0</SecondDiscFlag><SecondFreeFlag>0</SecondFreeFlag><OtherDiscountFlag>0</OtherDiscountFlag><ClubDiscount>0</ClubDiscount><AmountPercentDiscount>0</AmountPercentDiscount><DepartmentFlag>0</DepartmentFlag><DepartmentNum>0</DepartmentNum><WeigthFlag>0</WeigthFlag><WeightQty>1</WeightQty></Component></Components><Payments><Payment ID=""><PaymID>1</PaymID><CashSum>6.5</CashSum><ChequeSum>0.00</ChequeSum><FullData>0</FullData><ChequeNumber></ChequeNumber><PayDate></PayDate><BankNo>0</BankNo><BankDeptNo>0</BankDeptNo><BankCntNo></BankCntNo><CouponSum>0.00</CouponSum><CouponNumber>0</CouponNumber><FrnCurrSum>0.00</FrnCurrSum><CurrencyID>0</CurrencyID><IsInShekels>0</IsInShekels><CreditCardSum>0.00</CreditCardSum><FirstPayment>0.00</FirstPayment><OtherPayment>0.00</OtherPayment><CardNum></CardNum><ExpDate>0</ExpDate><CreditTerms>0</CreditTerms><CompanyNum>0</CompanyNum><NumPayments>0</NumPayments><TranCode>0</TranCode><TranType>0</TranType><AuthorizCode>0</AuthorizCode><Currency>0</Currency><AuthorizNo>0</AuthorizNo><Deposited>0</Deposited><Track2></Track2><Track2Len>0</Track2Len><FileNum>0</FileNum><CTransCount>0</CTransCount><ComReason>0</ComReason><CochavAmount>0.00</CochavAmount><ClubCode>0</ClubCode><HakafaSum>0.00</HakafaSum><CustID>0</CustID><IsRefundVoucher>0</IsRefundVoucher><IsChangingVoucher>0</IsChangingVoucher></Payment></Payments></Transaction><Transaction ID="" Terminal="1241" ChnNum="3950025"><TranNum>14612</TranNum><JournalNum>395</JournalNum><TranAmount>10</TranAmount><TranDiscount>0</TranDiscount><TranCashDiscount>0</TranCashDiscount><tChange>0</tChange><TranDate>2013-05-21</TranDate><TranTime>16:33:22</TranTime><IsRefund>0</IsRefund><IsDebtPayment>1</IsDebtPayment><CashierFlag>1</CashierFlag><CashierNum>1</CashierNum><AmountDiscountType>0</AmountDiscountType><ClubDealFlag>0</ClubDealFlag><CustID>0</CustID><AmountDiscountPercent>0</AmountDiscountPercent><RefundMode>0</RefundMode><Components><Component ID=""><PluCode>1</PluCode><Title>כללי</Title><CompAmount>10</CompAmount><CompCashDiscount>0</CompCashDiscount><CompDiscount>0</CompDiscount><CodeFlag>1</CodeFlag><StockAmount>1</StockAmount><DiscountType>0</DiscountType><SecondDiscFlag>0</SecondDiscFlag><SecondFreeFlag>0</SecondFreeFlag><OtherDiscountFlag>0</OtherDiscountFlag><ClubDiscount>0</ClubDiscount><AmountPercentDiscount>0</AmountPercentDiscount><DepartmentFlag>0</DepartmentFlag><DepartmentNum>0</DepartmentNum><WeigthFlag>0</WeigthFlag><WeightQty>1</WeightQty></Component></Components><Payments><Payment ID=""><PaymID>1</PaymID><CashSum>10</CashSum><ChequeSum>0.00</ChequeSum><FullData>0</FullData><ChequeNumber></ChequeNumber><PayDate></PayDate><BankNo>0</BankNo><BankDeptNo>0</BankDeptNo><BankCntNo></BankCntNo><CouponSum>0.00</CouponSum><CouponNumber>0</CouponNumber><FrnCurrSum>0.00</FrnCurrSum><CurrencyID>0</CurrencyID><IsInShekels>0</IsInShekels><CreditCardSum>0.00</CreditCardSum><FirstPayment>0.00</FirstPayment><OtherPayment>0.00</OtherPayment><CardNum></CardNum><ExpDate>0</ExpDate><CreditTerms>0</CreditTerms><CompanyNum>0</CompanyNum><NumPayments>0</NumPayments><TranCode>0</TranCode><TranType>0</TranType><AuthorizCode>0</AuthorizCode><Currency>0</Currency><AuthorizNo>0</AuthorizNo><Deposited>0</Deposited><Track2></Track2><Track2Len>0</Track2Len><FileNum>0</FileNum><CTransCount>0</CTransCount><ComReason>0</ComReason><CochavAmount>0.00</CochavAmount><ClubCode>0</ClubCode><HakafaSum>0.00</HakafaSum><CustID>0</CustID><IsRefundVoucher>0</IsRefundVoucher><IsChangingVoucher>0</IsChangingVoucher></Payment></Payments></Transaction><Transaction ID="" Terminal="1241" ChnNum="3950026"><TranNum>14613</TranNum><JournalNum>395</JournalNum><TranAmount>45</TranAmount><TranDiscount>0</TranDiscount><TranCashDiscount>0</TranCashDiscount><tChange>0</tChange><TranDate>2013-05-21</TranDate><TranTime>16:40:14</TranTime><IsRefund>0</IsRefund><IsDebtPayment>1</IsDebtPayment><CashierFlag>1</CashierFlag><CashierNum>1</CashierNum><AmountDiscountType>0</AmountDiscountType><ClubDealFlag>0</ClubDealFlag><CustID>0</CustID><AmountDiscountPercent>0</AmountDiscountPercent><RefundMode>0</RefundMode><Components><Component ID=""><PluCode>1</PluCode><Title>כללי</Title><CompAmount>45</CompAmount><CompCashDiscount>0</CompCashDiscount><CompDiscount>0</CompDiscount><CodeFlag>1</CodeFlag><StockAmount>1</StockAmount><DiscountType>0</DiscountType><SecondDiscFlag>0</SecondDiscFlag><SecondFreeFlag>0</SecondFreeFlag><OtherDiscountFlag>0</OtherDiscountFlag><ClubDiscount>0</ClubDiscount><AmountPercentDiscount>0</AmountPercentDiscount><DepartmentFlag>0</DepartmentFlag><DepartmentNum>0</DepartmentNum><WeigthFlag>0</WeigthFlag><WeightQty>1</WeightQty></Component></Components><Payments><Payment ID=""><PaymID>1</PaymID><CashSum>45</CashSum><ChequeSum>0.00</ChequeSum><FullData>0</FullData><ChequeNumber></ChequeNumber><PayDate></PayDate><BankNo>0</BankNo><BankDeptNo>0</BankDeptNo><BankCntNo></BankCntNo><CouponSum>0.00</CouponSum><CouponNumber>0</CouponNumber><FrnCurrSum>0.00</FrnCurrSum><CurrencyID>0</CurrencyID><IsInShekels>0</IsInShekels><CreditCardSum>0.00</CreditCardSum><FirstPayment>0.00</FirstPayment><OtherPayment>0.00</OtherPayment><CardNum></CardNum><ExpDate>0</ExpDate><CreditTerms>0</CreditTerms><CompanyNum>0</CompanyNum><NumPayments>0</NumPayments><TranCode>0</TranCode><TranType>0</TranType><AuthorizCode>0</AuthorizCode><Currency>0</Currency><AuthorizNo>0</AuthorizNo><Deposited>0</Deposited><Track2></Track2><Track2Len>0</Track2Len><FileNum>0</FileNum><CTransCount>0</CTransCount><ComReason>0</ComReason><CochavAmount>0.00</CochavAmount><ClubCode>0</ClubCode><HakafaSum>0.00</HakafaSum><CustID>0</CustID><IsRefundVoucher>0</IsRefundVoucher><IsChangingVoucher>0</IsChangingVoucher></Payment></Payments></Transaction><Transaction ID="" Terminal="1241" ChnNum="3950027"><TranNum>14614</TranNum><JournalNum>395</JournalNum><TranAmount>38</TranAmount><TranDiscount>0</TranDiscount><TranCashDiscount>0</TranCashDiscount><tChange>0</tChange><TranDate>2013-05-21</TranDate><TranTime>16:43:54</TranTime><IsRefund>0</IsRefund><IsDebtPayment>1</IsDebtPayment><CashierFlag>1</CashierFlag><CashierNum>1</CashierNum><AmountDiscountType>0</AmountDiscountType><ClubDealFlag>0</ClubDealFlag><CustID>0</CustID><AmountDiscountPercent>0</AmountDiscountPercent><RefundMode>0</RefundMode><Components><Component ID=""><PluCode>1</PluCode><Title>כללי</Title><CompAmount>38</CompAmount><CompCashDiscount>0</CompCashDiscount><CompDiscount>0</CompDiscount><CodeFlag>1</CodeFlag><StockAmount>1</StockAmount><DiscountType>0</DiscountType><SecondDiscFlag>0</SecondDiscFlag><SecondFreeFlag>0</SecondFreeFlag><OtherDiscountFlag>0</OtherDiscountFlag><ClubDiscount>0</ClubDiscount><AmountPercentDiscount>0</AmountPercentDiscount><DepartmentFlag>0</DepartmentFlag><DepartmentNum>0</DepartmentNum><WeigthFlag>0</WeigthFlag><WeightQty>1</WeightQty></Component></Components><Payments><Payment ID=""><PaymID>1</PaymID><CashSum>38</CashSum><ChequeSum>0.00</ChequeSum><FullData>0</FullData><ChequeNumber></ChequeNumber><PayDate></PayDate><BankNo>0</BankNo><BankDeptNo>0</BankDeptNo><BankCntNo></BankCntNo><CouponSum>0.00</CouponSum><CouponNumber>0</CouponNumber><FrnCurrSum>0.00</FrnCurrSum><CurrencyID>0</CurrencyID><IsInShekels>0</IsInShekels><CreditCardSum>0.00</CreditCardSum><FirstPayment>0.00</FirstPayment><OtherPayment>0.00</OtherPayment><CardNum></CardNum><ExpDate>0</ExpDate><CreditTerms>0</CreditTerms><CompanyNum>0</CompanyNum><NumPayments>0</NumPayments><TranCode>0</TranCode><TranType>0</TranType><AuthorizCode>0</AuthorizCode><Currency>0</Currency><AuthorizNo>0</AuthorizNo><Deposited>0</Deposited><Track2></Track2><Track2Len>0</Track2Len><FileNum>0</FileNum><CTransCount>0</CTransCount><ComReason>0</ComReason><CochavAmount>0.00</CochavAmount><ClubCode>0</ClubCode><HakafaSum>0.00</HakafaSum><CustID>0</CustID><IsRefundVoucher>0</IsRefundVoucher><IsChangingVoucher>0</IsChangingVoucher></Payment></Payments></Transaction><Transaction ID="" Terminal="1241" ChnNum="3950028"><TranNum>14615</TranNum><JournalNum>395</JournalNum><TranAmount>7</TranAmount><TranDiscount>0</TranDiscount><TranCashDiscount>0</TranCashDiscount><tChange>0</tChange><TranDate>2013-05-21</TranDate><TranTime>16:48:10</TranTime><IsRefund>0</IsRefund><IsDebtPayment>1</IsDebtPayment><CashierFlag>1</CashierFlag><CashierNum>1</CashierNum><AmountDiscountType>0</AmountDiscountType><ClubDealFlag>0</ClubDealFlag><CustID>0</CustID><AmountDiscountPercent>0</AmountDiscountPercent><RefundMode>0</RefundMode><Components><Component ID=""><PluCode>7290006547545</PluCode><Title>ספוג רחצה</Title><CompAmount>7</CompAmount><CompCashDiscount>0</CompCashDiscount><CompDiscount>0</CompDiscount><CodeFlag>1</CodeFlag><StockAmount>1</StockAmount><DiscountType>0</DiscountType><SecondDiscFlag>0</SecondDiscFlag><SecondFreeFlag>0</SecondFreeFlag><OtherDiscountFlag>0</OtherDiscountFlag><ClubDiscount>0</ClubDiscount><AmountPercentDiscount>0</AmountPercentDiscount><DepartmentFlag>0</DepartmentFlag><DepartmentNum>0</DepartmentNum><WeigthFlag>0</WeigthFlag><WeightQty>1</WeightQty></Component></Components><Payments><Payment ID=""><PaymID>1</PaymID><CashSum>7</CashSum><ChequeSum>0.00</ChequeSum><FullData>0</FullData><ChequeNumber></ChequeNumber><PayDate></PayDate><BankNo>0</BankNo><BankDeptNo>0</BankDeptNo><BankCntNo></BankCntNo><CouponSum>0.00</CouponSum><CouponNumber>0</CouponNumber><FrnCurrSum>0.00</FrnCurrSum><CurrencyID>0</CurrencyID><IsInShekels>0</IsInShekels><CreditCardSum>0.00</CreditCardSum><FirstPayment>0.00</FirstPayment><OtherPayment>0.00</OtherPayment><CardNum></CardNum><ExpDate>0</ExpDate><CreditTerms>0</CreditTerms><CompanyNum>0</CompanyNum><NumPayments>0</NumPayments><TranCode>0</TranCode><TranType>0</TranType><AuthorizCode>0</AuthorizCode><Currency>0</Currency><AuthorizNo>0</AuthorizNo><Deposited>0</Deposited><Track2></Track2><Track2Len>0</Track2Len><FileNum>0</FileNum><CTransCount>0</CTransCount><ComReason>0</ComReason><CochavAmount>0.00</CochavAmount><ClubCode>0</ClubCode><HakafaSum>0.00</HakafaSum><CustID>0</CustID><IsRefundVoucher>0</IsRefundVoucher><IsChangingVoucher>0</IsChangingVoucher></Payment></Payments></Transaction><Transaction ID="" Terminal="1241" ChnNum="3950029"><TranNum>14616</TranNum><JournalNum>395</JournalNum><TranAmount>8</TranAmount><TranDiscount>0</TranDiscount><TranCashDiscount>0</TranCashDiscount><tChange>0</tChange><TranDate>2013-05-21</TranDate><TranTime>16:52:23</TranTime><IsRefund>0</IsRefund><IsDebtPayment>1</IsDebtPayment><CashierFlag>1</CashierFlag><CashierNum>1</CashierNum><AmountDiscountType>0</AmountDiscountType><ClubDealFlag>0</ClubDealFlag><CustID>0</CustID><AmountDiscountPercent>0</AmountDiscountPercent><RefundMode>0</RefundMode><Components><Component ID=""><PluCode>1</PluCode><Title>כללי</Title><CompAmount>8</CompAmount><CompCashDiscount>0</CompCashDiscount><CompDiscount>0</CompDiscount><CodeFlag>1</CodeFlag><StockAmount>1</StockAmount><DiscountType>0</DiscountType><SecondDiscFlag>0</SecondDiscFlag><SecondFreeFlag>0</SecondFreeFlag><OtherDiscountFlag>0</OtherDiscountFlag><ClubDiscount>0</ClubDiscount><AmountPercentDiscount>0</AmountPercentDiscount><DepartmentFlag>0</DepartmentFlag><DepartmentNum>0</DepartmentNum><WeigthFlag>0</WeigthFlag><WeightQty>1</WeightQty></Component></Components><Payments><Payment ID=""><PaymID>1</PaymID><CashSum>8</CashSum><ChequeSum>0.00</ChequeSum><FullData>0</FullData><ChequeNumber></ChequeNumber><PayDate></PayDate><BankNo>0</BankNo><BankDeptNo>0</BankDeptNo><BankCntNo></BankCntNo><CouponSum>0.00</CouponSum><CouponNumber>0</CouponNumber><FrnCurrSum>0.00</FrnCurrSum><CurrencyID>0</CurrencyID><IsInShekels>0</IsInShekels><CreditCardSum>0.00</CreditCardSum><FirstPayment>0.00</FirstPayment><OtherPayment>0.00</OtherPayment><CardNum></CardNum><ExpDate>0</ExpDate><CreditTerms>0</CreditTerms><CompanyNum>0</CompanyNum><NumPayments>0</NumPayments><TranCode>0</TranCode><TranType>0</TranType><AuthorizCode>0</AuthorizCode><Currency>0</Currency><AuthorizNo>0</AuthorizNo><Deposited>0</Deposited><Track2></Track2><Track2Len>0</Track2Len><FileNum>0</FileNum><CTransCount>0</CTransCount><ComReason>0</ComReason><CochavAmount>0.00</CochavAmount><ClubCode>0</ClubCode><HakafaSum>0.00</HakafaSum><CustID>0</CustID><IsRefundVoucher>0</IsRefundVoucher><IsChangingVoucher>0</IsChangingVoucher></Payment></Payments></Transaction><Transaction ID="" Terminal="1241" ChnNum="3950030"><TranNum>14617</TranNum><JournalNum>395</JournalNum><TranAmount>123</TranAmount><TranDiscount>0</TranDiscount><TranCashDiscount>0</TranCashDiscount><tChange>0</tChange><TranDate>2013-05-21</TranDate><TranTime>18:06:18</TranTime><IsRefund>0</IsRefund><IsDebtPayment>1</IsDebtPayment><CashierFlag>1</CashierFlag><CashierNum>1</CashierNum><AmountDiscountType>0</AmountDiscountType><ClubDealFlag>0</ClubDealFlag><CustID>0</CustID><AmountDiscountPercent>0</AmountDiscountPercent><RefundMode>0</RefundMode><Components><Component ID=""><PluCode>7290005345524</PluCode><Title>סופרקריל 5 ליטר</Title><CompAmount>110</CompAmount><CompCashDiscount>0</CompCashDiscount><CompDiscount>0</CompDiscount><CodeFlag>1</CodeFlag><StockAmount>1</StockAmount><DiscountType>0</DiscountType><SecondDiscFlag>0</SecondDiscFlag><SecondFreeFlag>0</SecondFreeFlag><OtherDiscountFlag>0</OtherDiscountFlag><ClubDiscount>0</ClubDiscount><AmountPercentDiscount>0</AmountPercentDiscount><DepartmentFlag>0</DepartmentFlag><DepartmentNum>0</DepartmentNum><WeigthFlag>0</WeigthFlag><WeightQty>1</WeightQty></Component><Component ID=""><PluCode>1</PluCode><Title>קולפן</Title><CompAmount>13</CompAmount><CompCashDiscount>0</CompCashDiscount><CompDiscount>0</CompDiscount><CodeFlag>1</CodeFlag><StockAmount>1</StockAmount><DiscountType>0</DiscountType><SecondDiscFlag>0</SecondDiscFlag><SecondFreeFlag>0</SecondFreeFlag><OtherDiscountFlag>0</OtherDiscountFlag><ClubDiscount>0</ClubDiscount><AmountPercentDiscount>0</AmountPercentDiscount><DepartmentFlag>0</DepartmentFlag><DepartmentNum>0</DepartmentNum><WeigthFlag>0</WeigthFlag><WeightQty>1</WeightQty></Component></Components><Payments><Payment ID=""><PaymID>5</PaymID><CashSum>0.00</CashSum><ChequeSum>0.00</ChequeSum><FullData>0</FullData><ChequeNumber></ChequeNumber><PayDate></PayDate><BankNo>0</BankNo><BankDeptNo>0</BankDeptNo><BankCntNo></BankCntNo><CouponSum>0.00</CouponSum><CouponNumber>0</CouponNumber><FrnCurrSum>0.00</FrnCurrSum><CurrencyID>0</CurrencyID><IsInShekels>0</IsInShekels><CreditCardSum>123</CreditCardSum><FirstPayment>123</FirstPayment><OtherPayment>123</OtherPayment><CardNum>4580060005743632</CardNum><ExpDate>2014-06-01 00:00:00</ExpDate><CreditTerms>1</CreditTerms><CompanyNum>2</CompanyNum><NumPayments>1</NumPayments><TranCode>Regular</TranCode><TranType>1</TranType><AuthorizCode>Manual</AuthorizCode><Currency>1</Currency><AuthorizNo></AuthorizNo><Deposited>0</Deposited><Track2></Track2><Track2Len>0</Track2Len><FileNum>0</FileNum><CTransCount>0</CTransCount><ComReason>2</ComReason><CochavAmount>0</CochavAmount><ClubCode>0</ClubCode><HakafaSum>0.00</HakafaSum><CustID>0</CustID><IsRefundVoucher>0</IsRefundVoucher><IsChangingVoucher>0</IsChangingVoucher></Payment></Payments></Transaction><Transaction ID="" Terminal="1241" ChnNum="3950031"><TranNum>14618</TranNum><JournalNum>395</JournalNum><TranAmount>8</TranAmount><TranDiscount>0</TranDiscount><TranCashDiscount>0</TranCashDiscount><tChange>0</tChange><TranDate>2013-05-21</TranDate><TranTime>18:27:28</TranTime><IsRefund>0</IsRefund><IsDebtPayment>1</IsDebtPayment><CashierFlag>1</CashierFlag><CashierNum>1</CashierNum><AmountDiscountType>0</AmountDiscountType><ClubDealFlag>0</ClubDealFlag><CustID>0</CustID><AmountDiscountPercent>0</AmountDiscountPercent><RefundMode>0</RefundMode><Components><Component ID=""><PluCode>1</PluCode><Title>כללי</Title><CompAmount>8</CompAmount><CompCashDiscount>0</CompCashDiscount><CompDiscount>0</CompDiscount><CodeFlag>1</CodeFlag><StockAmount>1</StockAmount><DiscountType>0</DiscountType><SecondDiscFlag>0</SecondDiscFlag><SecondFreeFlag>0</SecondFreeFlag><OtherDiscountFlag>0</OtherDiscountFlag><ClubDiscount>0</ClubDiscount><AmountPercentDiscount>0</AmountPercentDiscount><DepartmentFlag>0</DepartmentFlag><DepartmentNum>0</DepartmentNum><WeigthFlag>0</WeigthFlag><WeightQty>1</WeightQty></Component></Components><Payments><Payment ID=""><PaymID>1</PaymID><CashSum>8</CashSum><ChequeSum>0.00</ChequeSum><FullData>0</FullData><ChequeNumber></ChequeNumber><PayDate></PayDate><BankNo>0</BankNo><BankDeptNo>0</BankDeptNo><BankCntNo></BankCntNo><CouponSum>0.00</CouponSum><CouponNumber>0</CouponNumber><FrnCurrSum>0.00</FrnCurrSum><CurrencyID>0</CurrencyID><IsInShekels>0</IsInShekels><CreditCardSum>0.00</CreditCardSum><FirstPayment>0.00</FirstPayment><OtherPayment>0.00</OtherPayment><CardNum></CardNum><ExpDate>0</ExpDate><CreditTerms>0</CreditTerms><CompanyNum>0</CompanyNum><NumPayments>0</NumPayments><TranCode>0</TranCode><TranType>0</TranType><AuthorizCode>0</AuthorizCode><Currency>0</Currency><AuthorizNo>0</AuthorizNo><Deposited>0</Deposited><Track2></Track2><Track2Len>0</Track2Len><FileNum>0</FileNum><CTransCount>0</CTransCount><ComReason>0</ComReason><CochavAmount>0.00</CochavAmount><ClubCode>0</ClubCode><HakafaSum>0.00</HakafaSum><CustID>0</CustID><IsRefundVoucher>0</IsRefundVoucher><IsChangingVoucher>0</IsChangingVoucher></Payment></Payments></Transaction><Transaction ID="" Terminal="1241" ChnNum="3950032"><TranNum>14619</TranNum><JournalNum>395</JournalNum><TranAmount>19</TranAmount><TranDiscount>0</TranDiscount><TranCashDiscount>0</TranCashDiscount><tChange>0</tChange><TranDate>2013-05-21</TranDate><TranTime>18:45:49</TranTime><IsRefund>0</IsRefund><IsDebtPayment>1</IsDebtPayment><CashierFlag>1</CashierFlag><CashierNum>1</CashierNum><AmountDiscountType>0</AmountDiscountType><ClubDealFlag>0</ClubDealFlag><CustID>0</CustID><AmountDiscountPercent>0</AmountDiscountPercent><RefundMode>0</RefundMode><Components><Component ID=""><PluCode>1</PluCode><Title>כללי</Title><CompAmount>19</CompAmount><CompCashDiscount>0</CompCashDiscount><CompDiscount>0</CompDiscount><CodeFlag>1</CodeFlag><StockAmount>1</StockAmount><DiscountType>0</DiscountType><SecondDiscFlag>0</SecondDiscFlag><SecondFreeFlag>0</SecondFreeFlag><OtherDiscountFlag>0</OtherDiscountFlag><ClubDiscount>0</ClubDiscount><AmountPercentDiscount>0</AmountPercentDiscount><DepartmentFlag>0</DepartmentFlag><DepartmentNum>0</DepartmentNum><WeigthFlag>0</WeigthFlag><WeightQty>1</WeightQty></Component></Components><Payments><Payment ID=""><PaymID>1</PaymID><CashSum>19</CashSum><ChequeSum>0.00</ChequeSum><FullData>0</FullData><ChequeNumber></ChequeNumber><PayDate></PayDate><BankNo>0</BankNo><BankDeptNo>0</BankDeptNo><BankCntNo></BankCntNo><CouponSum>0.00</CouponSum><CouponNumber>0</CouponNumber><FrnCurrSum>0.00</FrnCurrSum><CurrencyID>0</CurrencyID><IsInShekels>0</IsInShekels><CreditCardSum>0.00</CreditCardSum><FirstPayment>0.00</FirstPayment><OtherPayment>0.00</OtherPayment><CardNum></CardNum><ExpDate>0</ExpDate><CreditTerms>0</CreditTerms><CompanyNum>0</CompanyNum><NumPayments>0</NumPayments><TranCode>0</TranCode><TranType>0</TranType><AuthorizCode>0</AuthorizCode><Currency>0</Currency><AuthorizNo>0</AuthorizNo><Deposited>0</Deposited><Track2></Track2><Track2Len>0</Track2Len><FileNum>0</FileNum><CTransCount>0</CTransCount><ComReason>0</ComReason><CochavAmount>0.00</CochavAmount><ClubCode>0</ClubCode><HakafaSum>0.00</HakafaSum><CustID>0</CustID><IsRefundVoucher>0</IsRefundVoucher><IsChangingVoucher>0</IsChangingVoucher></Payment></Payments></Transaction><Transaction ID="" Terminal="1241" ChnNum="3950033"><TranNum>14620</TranNum><JournalNum>395</JournalNum><TranAmount>34</TranAmount><TranDiscount>0</TranDiscount><TranCashDiscount>0</TranCashDiscount><tChange>0</tChange><TranDate>2013-05-21</TranDate><TranTime>19:06:46</TranTime><IsRefund>0</IsRefund><IsDebtPayment>1</IsDebtPayment><CashierFlag>1</CashierFlag><CashierNum>1</CashierNum><AmountDiscountType>0</AmountDiscountType><ClubDealFlag>0</ClubDealFlag><CustID>0</CustID><AmountDiscountPercent>0</AmountDiscountPercent><RefundMode>0</RefundMode><Components><Component ID=""><PluCode>245</PluCode><Title>ברז שופך קיר קצר</Title><CompAmount>34</CompAmount><CompCashDiscount>0</CompCashDiscount><CompDiscount>0</CompDiscount><CodeFlag>1</CodeFlag><StockAmount>1</StockAmount><DiscountType>0</DiscountType><SecondDiscFlag>0</SecondDiscFlag><SecondFreeFlag>0</SecondFreeFlag><OtherDiscountFlag>0</OtherDiscountFlag><ClubDiscount>0</ClubDiscount><AmountPercentDiscount>0</AmountPercentDiscount><DepartmentFlag>0</DepartmentFlag><DepartmentNum>0</DepartmentNum><WeigthFlag>0</WeigthFlag><WeightQty>1</WeightQty></Component></Components><Payments><Payment ID=""><PaymID>1</PaymID><CashSum>34</CashSum><ChequeSum>0.00</ChequeSum><FullData>0</FullData><ChequeNumber></ChequeNumber><PayDate></PayDate><BankNo>0</BankNo><BankDeptNo>0</BankDeptNo><BankCntNo></BankCntNo><CouponSum>0.00</CouponSum><CouponNumber>0</CouponNumber><FrnCurrSum>0.00</FrnCurrSum><CurrencyID>0</CurrencyID><IsInShekels>0</IsInShekels><CreditCardSum>0.00</CreditCardSum><FirstPayment>0.00</FirstPayment><OtherPayment>0.00</OtherPayment><CardNum></CardNum><ExpDate>0</ExpDate><CreditTerms>0</CreditTerms><CompanyNum>0</CompanyNum><NumPayments>0</NumPayments><TranCode>0</TranCode><TranType>0</TranType><AuthorizCode>0</AuthorizCode><Currency>0</Currency><AuthorizNo>0</AuthorizNo><Deposited>0</Deposited><Track2></Track2><Track2Len>0</Track2Len><FileNum>0</FileNum><CTransCount>0</CTransCount><ComReason>0</ComReason><CochavAmount>0.00</CochavAmount><ClubCode>0</ClubCode><HakafaSum>0.00</HakafaSum><CustID>0</CustID><IsRefundVoucher>0</IsRefundVoucher><IsChangingVoucher>0</IsChangingVoucher></Payment></Payments></Transaction><Transaction ID="" Terminal="1241" ChnNum="3950034"><TranNum>14621</TranNum><JournalNum>395</JournalNum><TranAmount>14.5</TranAmount><TranDiscount>0</TranDiscount><TranCashDiscount>0</TranCashDiscount><tChange>0</tChange><TranDate>2013-05-21</TranDate><TranTime>19:25:41</TranTime><IsRefund>0</IsRefund><IsDebtPayment>1</IsDebtPayment><CashierFlag>1</CashierFlag><CashierNum>1</CashierNum><AmountDiscountType>0</AmountDiscountType><ClubDealFlag>0</ClubDealFlag><CustID>0</CustID><AmountDiscountPercent>0</AmountDiscountPercent><RefundMode>0</RefundMode><Components><Component ID=""><PluCode>1</PluCode><Title>כללי</Title><CompAmount>14.5</CompAmount><CompCashDiscount>0</CompCashDiscount><CompDiscount>0</CompDiscount><CodeFlag>1</CodeFlag><StockAmount>1</StockAmount><DiscountType>0</DiscountType><SecondDiscFlag>0</SecondDiscFlag><SecondFreeFlag>0</SecondFreeFlag><OtherDiscountFlag>0</OtherDiscountFlag><ClubDiscount>0</ClubDiscount><AmountPercentDiscount>0</AmountPercentDiscount><DepartmentFlag>0</DepartmentFlag><DepartmentNum>0</DepartmentNum><WeigthFlag>0</WeigthFlag><WeightQty>1</WeightQty></Component></Components><Payments><Payment ID=""><PaymID>1</PaymID><CashSum>14.5</CashSum><ChequeSum>0.00</ChequeSum><FullData>0</FullData><ChequeNumber></ChequeNumber><PayDate></PayDate><BankNo>0</BankNo><BankDeptNo>0</BankDeptNo><BankCntNo></BankCntNo><CouponSum>0.00</CouponSum><CouponNumber>0</CouponNumber><FrnCurrSum>0.00</FrnCurrSum><CurrencyID>0</CurrencyID><IsInShekels>0</IsInShekels><CreditCardSum>0.00</CreditCardSum><FirstPayment>0.00</FirstPayment><OtherPayment>0.00</OtherPayment><CardNum></CardNum><ExpDate>0</ExpDate><CreditTerms>0</CreditTerms><CompanyNum>0</CompanyNum><NumPayments>0</NumPayments><TranCode>0</TranCode><TranType>0</TranType><AuthorizCode>0</AuthorizCode><Currency>0</Currency><AuthorizNo>0</AuthorizNo><Deposited>0</Deposited><Track2></Track2><Track2Len>0</Track2Len><FileNum>0</FileNum><CTransCount>0</CTransCount><ComReason>0</ComReason><CochavAmount>0.00</CochavAmount><ClubCode>0</ClubCode><HakafaSum>0.00</HakafaSum><CustID>0</CustID><IsRefundVoucher>0</IsRefundVoucher><IsChangingVoucher>0</IsChangingVoucher></Payment></Payments></Transaction></Transactions>