<?xml version="1.0" encoding="utf-8"?><Transactions><Transaction ID="" Terminal="1241" ChnNum="4900001"><TranNum>17244</TranNum><JournalNum>490</JournalNum><TranAmount>10</TranAmount><TranDiscount>0</TranDiscount><TranCashDiscount>0</TranCashDiscount><tChange>0</tChange><TranDate>2013-09-08</TranDate><TranTime>09:08:51</TranTime><IsRefund>0</IsRefund><IsDebtPayment>1</IsDebtPayment><CashierFlag>1</CashierFlag><CashierNum>1</CashierNum><AmountDiscountType>0</AmountDiscountType><ClubDealFlag>0</ClubDealFlag><CustID>0</CustID><AmountDiscountPercent>0</AmountDiscountPercent><RefundMode>0</RefundMode><Components><Component ID=""><PluCode>1</PluCode><Title>כללי</Title><CompAmount>10</CompAmount><CompCashDiscount>0</CompCashDiscount><CompDiscount>0</CompDiscount><CodeFlag>1</CodeFlag><StockAmount>1</StockAmount><DiscountType>0</DiscountType><SecondDiscFlag>0</SecondDiscFlag><SecondFreeFlag>0</SecondFreeFlag><OtherDiscountFlag>0</OtherDiscountFlag><ClubDiscount>0</ClubDiscount><AmountPercentDiscount>0</AmountPercentDiscount><DepartmentFlag>0</DepartmentFlag><DepartmentNum>0</DepartmentNum><WeigthFlag>0</WeigthFlag><WeightQty>1</WeightQty></Component></Components><Payments><Payment ID=""><PaymID>1</PaymID><CashSum>10</CashSum><ChequeSum>0.00</ChequeSum><FullData>0</FullData><ChequeNumber></ChequeNumber><PayDate></PayDate><BankNo>0</BankNo><BankDeptNo>0</BankDeptNo><BankCntNo></BankCntNo><CouponSum>0.00</CouponSum><CouponNumber>0</CouponNumber><FrnCurrSum>0.00</FrnCurrSum><CurrencyID>0</CurrencyID><IsInShekels>0</IsInShekels><CreditCardSum>0.00</CreditCardSum><FirstPayment>0.00</FirstPayment><OtherPayment>0.00</OtherPayment><CardNum></CardNum><ExpDate>0</ExpDate><CreditTerms>0</CreditTerms><CompanyNum>0</CompanyNum><NumPayments>0</NumPayments><TranCode>0</TranCode><TranType>0</TranType><AuthorizCode>0</AuthorizCode><Currency>0</Currency><AuthorizNo>0</AuthorizNo><Deposited>0</Deposited><Track2></Track2><Track2Len>0</Track2Len><FileNum>0</FileNum><CTransCount>0</CTransCount><ComReason>0</ComReason><CochavAmount>0.00</CochavAmount><ClubCode>0</ClubCode><HakafaSum>0.00</HakafaSum><CustID>0</CustID><IsRefundVoucher>0</IsRefundVoucher><IsChangingVoucher>0</IsChangingVoucher></Payment></Payments></Transaction><Transaction ID="" Terminal="1241" ChnNum="4900002"><TranNum>17245</TranNum><JournalNum>490</JournalNum><TranAmount>39</TranAmount><TranDiscount>0</TranDiscount><TranCashDiscount>0</TranCashDiscount><tChange>0</tChange><TranDate>2013-09-08</TranDate><TranTime>09:42:32</TranTime><IsRefund>0</IsRefund><IsDebtPayment>1</IsDebtPayment><CashierFlag>1</CashierFlag><CashierNum>1</CashierNum><AmountDiscountType>0</AmountDiscountType><ClubDealFlag>0</ClubDealFlag><CustID>0</CustID><AmountDiscountPercent>0</AmountDiscountPercent><RefundMode>0</RefundMode><Components><Component ID=""><PluCode>1</PluCode><Title>כללי</Title><CompAmount>5.5</CompAmount><CompCashDiscount>0</CompCashDiscount><CompDiscount>0</CompDiscount><CodeFlag>1</CodeFlag><StockAmount>3</StockAmount><DiscountType>0</DiscountType><SecondDiscFlag>0</SecondDiscFlag><SecondFreeFlag>0</SecondFreeFlag><OtherDiscountFlag>0</OtherDiscountFlag><ClubDiscount>0</ClubDiscount><AmountPercentDiscount>0</AmountPercentDiscount><DepartmentFlag>0</DepartmentFlag><DepartmentNum>0</DepartmentNum><WeigthFlag>0</WeigthFlag><WeightQty>3</WeightQty></Component><Component ID=""><PluCode>1</PluCode><Title>כללי</Title><CompAmount>2</CompAmount><CompCashDiscount>0</CompCashDiscount><CompDiscount>0</CompDiscount><CodeFlag>1</CodeFlag><StockAmount>1</StockAmount><DiscountType>0</DiscountType><SecondDiscFlag>0</SecondDiscFlag><SecondFreeFlag>0</SecondFreeFlag><OtherDiscountFlag>0</OtherDiscountFlag><ClubDiscount>0</ClubDiscount><AmountPercentDiscount>0</AmountPercentDiscount><DepartmentFlag>0</DepartmentFlag><DepartmentNum>0</DepartmentNum><WeigthFlag>0</WeigthFlag><WeightQty>1</WeightQty></Component><Component ID=""><PluCode>7290100067598</PluCode><Title>שקע כוח ספיר ניסקו</Title><CompAmount>12.5</CompAmount><CompCashDiscount>0</CompCashDiscount><CompDiscount>0</CompDiscount><CodeFlag>1</CodeFlag><StockAmount>1</StockAmount><DiscountType>0</DiscountType><SecondDiscFlag>0</SecondDiscFlag><SecondFreeFlag>0</SecondFreeFlag><OtherDiscountFlag>0</OtherDiscountFlag><ClubDiscount>0</ClubDiscount><AmountPercentDiscount>0</AmountPercentDiscount><DepartmentFlag>0</DepartmentFlag><DepartmentNum>0</DepartmentNum><WeigthFlag>0</WeigthFlag><WeightQty>1</WeightQty></Component><Component ID=""><PluCode>1</PluCode><Title>כללי</Title><CompAmount>8</CompAmount><CompCashDiscount>0</CompCashDiscount><CompDiscount>0</CompDiscount><CodeFlag>1</CodeFlag><StockAmount>1</StockAmount><DiscountType>0</DiscountType><SecondDiscFlag>0</SecondDiscFlag><SecondFreeFlag>0</SecondFreeFlag><OtherDiscountFlag>0</OtherDiscountFlag><ClubDiscount>0</ClubDiscount><AmountPercentDiscount>0</AmountPercentDiscount><DepartmentFlag>0</DepartmentFlag><DepartmentNum>0</DepartmentNum><WeigthFlag>0</WeigthFlag><WeightQty>1</WeightQty></Component></Components><Payments><Payment ID=""><PaymID>1</PaymID><CashSum>39</CashSum><ChequeSum>0.00</ChequeSum><FullData>0</FullData><ChequeNumber></ChequeNumber><PayDate></PayDate><BankNo>0</BankNo><BankDeptNo>0</BankDeptNo><BankCntNo></BankCntNo><CouponSum>0.00</CouponSum><CouponNumber>0</CouponNumber><FrnCurrSum>0.00</FrnCurrSum><CurrencyID>0</CurrencyID><IsInShekels>0</IsInShekels><CreditCardSum>0.00</CreditCardSum><FirstPayment>0.00</FirstPayment><OtherPayment>0.00</OtherPayment><CardNum></CardNum><ExpDate>0</ExpDate><CreditTerms>0</CreditTerms><CompanyNum>0</CompanyNum><NumPayments>0</NumPayments><TranCode>0</TranCode><TranType>0</TranType><AuthorizCode>0</AuthorizCode><Currency>0</Currency><AuthorizNo>0</AuthorizNo><Deposited>0</Deposited><Track2></Track2><Track2Len>0</Track2Len><FileNum>0</FileNum><CTransCount>0</CTransCount><ComReason>0</ComReason><CochavAmount>0.00</CochavAmount><ClubCode>0</ClubCode><HakafaSum>0.00</HakafaSum><CustID>0</CustID><IsRefundVoucher>0</IsRefundVoucher><IsChangingVoucher>0</IsChangingVoucher></Payment></Payments></Transaction><Transaction ID="" Terminal="1241" ChnNum="4900003"><TranNum>17246</TranNum><JournalNum>490</JournalNum><TranAmount>4.5</TranAmount><TranDiscount>0</TranDiscount><TranCashDiscount>0</TranCashDiscount><tChange>0</tChange><TranDate>2013-09-08</TranDate><TranTime>10:05:40</TranTime><IsRefund>0</IsRefund><IsDebtPayment>1</IsDebtPayment><CashierFlag>1</CashierFlag><CashierNum>1</CashierNum><AmountDiscountType>0</AmountDiscountType><ClubDealFlag>0</ClubDealFlag><CustID>0</CustID><AmountDiscountPercent>0</AmountDiscountPercent><RefundMode>0</RefundMode><Components><Component ID=""><PluCode>1</PluCode><Title>כללי</Title><CompAmount>4.5</CompAmount><CompCashDiscount>0</CompCashDiscount><CompDiscount>0</CompDiscount><CodeFlag>1</CodeFlag><StockAmount>1</StockAmount><DiscountType>0</DiscountType><SecondDiscFlag>0</SecondDiscFlag><SecondFreeFlag>0</SecondFreeFlag><OtherDiscountFlag>0</OtherDiscountFlag><ClubDiscount>0</ClubDiscount><AmountPercentDiscount>0</AmountPercentDiscount><DepartmentFlag>0</DepartmentFlag><DepartmentNum>0</DepartmentNum><WeigthFlag>0</WeigthFlag><WeightQty>1</WeightQty></Component></Components><Payments><Payment ID=""><PaymID>1</PaymID><CashSum>4.5</CashSum><ChequeSum>0.00</ChequeSum><FullData>0</FullData><ChequeNumber></ChequeNumber><PayDate></PayDate><BankNo>0</BankNo><BankDeptNo>0</BankDeptNo><BankCntNo></BankCntNo><CouponSum>0.00</CouponSum><CouponNumber>0</CouponNumber><FrnCurrSum>0.00</FrnCurrSum><CurrencyID>0</CurrencyID><IsInShekels>0</IsInShekels><CreditCardSum>0.00</CreditCardSum><FirstPayment>0.00</FirstPayment><OtherPayment>0.00</OtherPayment><CardNum></CardNum><ExpDate>0</ExpDate><CreditTerms>0</CreditTerms><CompanyNum>0</CompanyNum><NumPayments>0</NumPayments><TranCode>0</TranCode><TranType>0</TranType><AuthorizCode>0</AuthorizCode><Currency>0</Currency><AuthorizNo>0</AuthorizNo><Deposited>0</Deposited><Track2></Track2><Track2Len>0</Track2Len><FileNum>0</FileNum><CTransCount>0</CTransCount><ComReason>0</ComReason><CochavAmount>0.00</CochavAmount><ClubCode>0</ClubCode><HakafaSum>0.00</HakafaSum><CustID>0</CustID><IsRefundVoucher>0</IsRefundVoucher><IsChangingVoucher>0</IsChangingVoucher></Payment></Payments></Transaction><Transaction ID="" Terminal="1241" ChnNum="4900004"><TranNum>17247</TranNum><JournalNum>490</JournalNum><TranAmount>65</TranAmount><TranDiscount>0</TranDiscount><TranCashDiscount>0</TranCashDiscount><tChange>0</tChange><TranDate>2013-09-08</TranDate><TranTime>11:08:29</TranTime><IsRefund>0</IsRefund><IsDebtPayment>1</IsDebtPayment><CashierFlag>1</CashierFlag><CashierNum>1</CashierNum><AmountDiscountType>0</AmountDiscountType><ClubDealFlag>0</ClubDealFlag><CustID>0</CustID><AmountDiscountPercent>0</AmountDiscountPercent><RefundMode>0</RefundMode><Components><Component ID=""><PluCode>126735</PluCode><Title>לוח חיתוך בריאותי ארקוסטיל</Title><CompAmount>65</CompAmount><CompCashDiscount>0</CompCashDiscount><CompDiscount>0</CompDiscount><CodeFlag>1</CodeFlag><StockAmount>1</StockAmount><DiscountType>0</DiscountType><SecondDiscFlag>0</SecondDiscFlag><SecondFreeFlag>0</SecondFreeFlag><OtherDiscountFlag>0</OtherDiscountFlag><ClubDiscount>0</ClubDiscount><AmountPercentDiscount>0</AmountPercentDiscount><DepartmentFlag>0</DepartmentFlag><DepartmentNum>0</DepartmentNum><WeigthFlag>0</WeigthFlag><WeightQty>1</WeightQty></Component></Components><Payments><Payment ID=""><PaymID>1</PaymID><CashSum>65</CashSum><ChequeSum>0.00</ChequeSum><FullData>0</FullData><ChequeNumber></ChequeNumber><PayDate></PayDate><BankNo>0</BankNo><BankDeptNo>0</BankDeptNo><BankCntNo></BankCntNo><CouponSum>0.00</CouponSum><CouponNumber>0</CouponNumber><FrnCurrSum>0.00</FrnCurrSum><CurrencyID>0</CurrencyID><IsInShekels>0</IsInShekels><CreditCardSum>0.00</CreditCardSum><FirstPayment>0.00</FirstPayment><OtherPayment>0.00</OtherPayment><CardNum></CardNum><ExpDate>0</ExpDate><CreditTerms>0</CreditTerms><CompanyNum>0</CompanyNum><NumPayments>0</NumPayments><TranCode>0</TranCode><TranType>0</TranType><AuthorizCode>0</AuthorizCode><Currency>0</Currency><AuthorizNo>0</AuthorizNo><Deposited>0</Deposited><Track2></Track2><Track2Len>0</Track2Len><FileNum>0</FileNum><CTransCount>0</CTransCount><ComReason>0</ComReason><CochavAmount>0.00</CochavAmount><ClubCode>0</ClubCode><HakafaSum>0.00</HakafaSum><CustID>0</CustID><IsRefundVoucher>0</IsRefundVoucher><IsChangingVoucher>0</IsChangingVoucher></Payment></Payments></Transaction><Transaction ID="" Terminal="1241" ChnNum="4900005"><TranNum>17248</TranNum><JournalNum>490</JournalNum><TranAmount>22.75</TranAmount><TranDiscount>0</TranDiscount><TranCashDiscount>0</TranCashDiscount><tChange>0</tChange><TranDate>2013-09-08</TranDate><TranTime>11:23:55</TranTime><IsRefund>0</IsRefund><IsDebtPayment>1</IsDebtPayment><CashierFlag>1</CashierFlag><CashierNum>1</CashierNum><AmountDiscountType>0</AmountDiscountType><ClubDealFlag>0</ClubDealFlag><CustID>0</CustID><AmountDiscountPercent>0</AmountDiscountPercent><RefundMode>0</RefundMode><Components><Component ID=""><PluCode>1</PluCode><Title>כללי</Title><CompAmount>5.5</CompAmount><CompCashDiscount>0</CompCashDiscount><CompDiscount>0</CompDiscount><CodeFlag>1</CodeFlag><StockAmount>3.5</StockAmount><DiscountType>0</DiscountType><SecondDiscFlag>0</SecondDiscFlag><SecondFreeFlag>0</SecondFreeFlag><OtherDiscountFlag>0</OtherDiscountFlag><ClubDiscount>0</ClubDiscount><AmountPercentDiscount>0</AmountPercentDiscount><DepartmentFlag>0</DepartmentFlag><DepartmentNum>0</DepartmentNum><WeigthFlag>0</WeigthFlag><WeightQty>3.5</WeightQty></Component><Component ID=""><PluCode>147</PluCode><Title>סכין יפני רחב</Title><CompAmount>3.5</CompAmount><CompCashDiscount>0</CompCashDiscount><CompDiscount>0</CompDiscount><CodeFlag>1</CodeFlag><StockAmount>1</StockAmount><DiscountType>0</DiscountType><SecondDiscFlag>0</SecondDiscFlag><SecondFreeFlag>0</SecondFreeFlag><OtherDiscountFlag>0</OtherDiscountFlag><ClubDiscount>0</ClubDiscount><AmountPercentDiscount>0</AmountPercentDiscount><DepartmentFlag>0</DepartmentFlag><DepartmentNum>0</DepartmentNum><WeigthFlag>0</WeigthFlag><WeightQty>1</WeightQty></Component></Components><Payments><Payment ID=""><PaymID>1</PaymID><CashSum>22.75</CashSum><ChequeSum>0.00</ChequeSum><FullData>0</FullData><ChequeNumber></ChequeNumber><PayDate></PayDate><BankNo>0</BankNo><BankDeptNo>0</BankDeptNo><BankCntNo></BankCntNo><CouponSum>0.00</CouponSum><CouponNumber>0</CouponNumber><FrnCurrSum>0.00</FrnCurrSum><CurrencyID>0</CurrencyID><IsInShekels>0</IsInShekels><CreditCardSum>0.00</CreditCardSum><FirstPayment>0.00</FirstPayment><OtherPayment>0.00</OtherPayment><CardNum></CardNum><ExpDate>0</ExpDate><CreditTerms>0</CreditTerms><CompanyNum>0</CompanyNum><NumPayments>0</NumPayments><TranCode>0</TranCode><TranType>0</TranType><AuthorizCode>0</AuthorizCode><Currency>0</Currency><AuthorizNo>0</AuthorizNo><Deposited>0</Deposited><Track2></Track2><Track2Len>0</Track2Len><FileNum>0</FileNum><CTransCount>0</CTransCount><ComReason>0</ComReason><CochavAmount>0.00</CochavAmount><ClubCode>0</ClubCode><HakafaSum>0.00</HakafaSum><CustID>0</CustID><IsRefundVoucher>0</IsRefundVoucher><IsChangingVoucher>0</IsChangingVoucher></Payment></Payments></Transaction><Transaction ID="" Terminal="1241" ChnNum="4900006"><TranNum>17249</TranNum><JournalNum>490</JournalNum><TranAmount>10.9</TranAmount><TranDiscount>0</TranDiscount><TranCashDiscount>0</TranCashDiscount><tChange>0</tChange><TranDate>2013-09-08</TranDate><TranTime>11:35:51</TranTime><IsRefund>0</IsRefund><IsDebtPayment>1</IsDebtPayment><CashierFlag>1</CashierFlag><CashierNum>1</CashierNum><AmountDiscountType>0</AmountDiscountType><ClubDealFlag>0</ClubDealFlag><CustID>0</CustID><AmountDiscountPercent>0</AmountDiscountPercent><RefundMode>0</RefundMode><Components><Component ID=""><PluCode>7290006335890</PluCode><Title>חומצת מלח 30% 1 ליטר</Title><CompAmount>10.9</CompAmount><CompCashDiscount>0</CompCashDiscount><CompDiscount>0</CompDiscount><CodeFlag>1</CodeFlag><StockAmount>1</StockAmount><DiscountType>0</DiscountType><SecondDiscFlag>0</SecondDiscFlag><SecondFreeFlag>0</SecondFreeFlag><OtherDiscountFlag>0</OtherDiscountFlag><ClubDiscount>0</ClubDiscount><AmountPercentDiscount>0</AmountPercentDiscount><DepartmentFlag>0</DepartmentFlag><DepartmentNum>0</DepartmentNum><WeigthFlag>0</WeigthFlag><WeightQty>1</WeightQty></Component></Components><Payments><Payment ID=""><PaymID>1</PaymID><CashSum>10.9</CashSum><ChequeSum>0.00</ChequeSum><FullData>0</FullData><ChequeNumber></ChequeNumber><PayDate></PayDate><BankNo>0</BankNo><BankDeptNo>0</BankDeptNo><BankCntNo></BankCntNo><CouponSum>0.00</CouponSum><CouponNumber>0</CouponNumber><FrnCurrSum>0.00</FrnCurrSum><CurrencyID>0</CurrencyID><IsInShekels>0</IsInShekels><CreditCardSum>0.00</CreditCardSum><FirstPayment>0.00</FirstPayment><OtherPayment>0.00</OtherPayment><CardNum></CardNum><ExpDate>0</ExpDate><CreditTerms>0</CreditTerms><CompanyNum>0</CompanyNum><NumPayments>0</NumPayments><TranCode>0</TranCode><TranType>0</TranType><AuthorizCode>0</AuthorizCode><Currency>0</Currency><AuthorizNo>0</AuthorizNo><Deposited>0</Deposited><Track2></Track2><Track2Len>0</Track2Len><FileNum>0</FileNum><CTransCount>0</CTransCount><ComReason>0</ComReason><CochavAmount>0.00</CochavAmount><ClubCode>0</ClubCode><HakafaSum>0.00</HakafaSum><CustID>0</CustID><IsRefundVoucher>0</IsRefundVoucher><IsChangingVoucher>0</IsChangingVoucher></Payment></Payments></Transaction><Transaction ID="" Terminal="1241" ChnNum="4900007"><TranNum>17250</TranNum><JournalNum>490</JournalNum><TranAmount>15</TranAmount><TranDiscount>0</TranDiscount><TranCashDiscount>0</TranCashDiscount><tChange>0</tChange><TranDate>2013-09-08</TranDate><TranTime>11:41:06</TranTime><IsRefund>0</IsRefund><IsDebtPayment>1</IsDebtPayment><CashierFlag>1</CashierFlag><CashierNum>1</CashierNum><AmountDiscountType>0</AmountDiscountType><ClubDealFlag>0</ClubDealFlag><CustID>0</CustID><AmountDiscountPercent>0</AmountDiscountPercent><RefundMode>0</RefundMode><Components><Component ID=""><PluCode>7908</PluCode><Title>לחצן מדרגות מואר ויסבורג</Title><CompAmount>15</CompAmount><CompCashDiscount>0</CompCashDiscount><CompDiscount>0</CompDiscount><CodeFlag>1</CodeFlag><StockAmount>1</StockAmount><DiscountType>0</DiscountType><SecondDiscFlag>0</SecondDiscFlag><SecondFreeFlag>0</SecondFreeFlag><OtherDiscountFlag>0</OtherDiscountFlag><ClubDiscount>0</ClubDiscount><AmountPercentDiscount>0</AmountPercentDiscount><DepartmentFlag>0</DepartmentFlag><DepartmentNum>0</DepartmentNum><WeigthFlag>0</WeigthFlag><WeightQty>1</WeightQty></Component></Components><Payments><Payment ID=""><PaymID>1</PaymID><CashSum>15</CashSum><ChequeSum>0.00</ChequeSum><FullData>0</FullData><ChequeNumber></ChequeNumber><PayDate></PayDate><BankNo>0</BankNo><BankDeptNo>0</BankDeptNo><BankCntNo></BankCntNo><CouponSum>0.00</CouponSum><CouponNumber>0</CouponNumber><FrnCurrSum>0.00</FrnCurrSum><CurrencyID>0</CurrencyID><IsInShekels>0</IsInShekels><CreditCardSum>0.00</CreditCardSum><FirstPayment>0.00</FirstPayment><OtherPayment>0.00</OtherPayment><CardNum></CardNum><ExpDate>0</ExpDate><CreditTerms>0</CreditTerms><CompanyNum>0</CompanyNum><NumPayments>0</NumPayments><TranCode>0</TranCode><TranType>0</TranType><AuthorizCode>0</AuthorizCode><Currency>0</Currency><AuthorizNo>0</AuthorizNo><Deposited>0</Deposited><Track2></Track2><Track2Len>0</Track2Len><FileNum>0</FileNum><CTransCount>0</CTransCount><ComReason>0</ComReason><CochavAmount>0.00</CochavAmount><ClubCode>0</ClubCode><HakafaSum>0.00</HakafaSum><CustID>0</CustID><IsRefundVoucher>0</IsRefundVoucher><IsChangingVoucher>0</IsChangingVoucher></Payment></Payments></Transaction><Transaction ID="" Terminal="1241" ChnNum="4900008"><TranNum>17251</TranNum><JournalNum>490</JournalNum><TranAmount>7</TranAmount><TranDiscount>0</TranDiscount><TranCashDiscount>0</TranCashDiscount><tChange>0</tChange><TranDate>2013-09-08</TranDate><TranTime>12:22:51</TranTime><IsRefund>0</IsRefund><IsDebtPayment>1</IsDebtPayment><CashierFlag>1</CashierFlag><CashierNum>1</CashierNum><AmountDiscountType>0</AmountDiscountType><ClubDealFlag>0</ClubDealFlag><CustID>0</CustID><AmountDiscountPercent>0</AmountDiscountPercent><RefundMode>0</RefundMode><Components><Component ID=""><PluCode>1</PluCode><Title>כללי</Title><CompAmount>7</CompAmount><CompCashDiscount>0</CompCashDiscount><CompDiscount>0</CompDiscount><CodeFlag>1</CodeFlag><StockAmount>1</StockAmount><DiscountType>0</DiscountType><SecondDiscFlag>0</SecondDiscFlag><SecondFreeFlag>0</SecondFreeFlag><OtherDiscountFlag>0</OtherDiscountFlag><ClubDiscount>0</ClubDiscount><AmountPercentDiscount>0</AmountPercentDiscount><DepartmentFlag>0</DepartmentFlag><DepartmentNum>0</DepartmentNum><WeigthFlag>0</WeigthFlag><WeightQty>1</WeightQty></Component></Components><Payments><Payment ID=""><PaymID>1</PaymID><CashSum>7</CashSum><ChequeSum>0.00</ChequeSum><FullData>0</FullData><ChequeNumber></ChequeNumber><PayDate></PayDate><BankNo>0</BankNo><BankDeptNo>0</BankDeptNo><BankCntNo></BankCntNo><CouponSum>0.00</CouponSum><CouponNumber>0</CouponNumber><FrnCurrSum>0.00</FrnCurrSum><CurrencyID>0</CurrencyID><IsInShekels>0</IsInShekels><CreditCardSum>0.00</CreditCardSum><FirstPayment>0.00</FirstPayment><OtherPayment>0.00</OtherPayment><CardNum></CardNum><ExpDate>0</ExpDate><CreditTerms>0</CreditTerms><CompanyNum>0</CompanyNum><NumPayments>0</NumPayments><TranCode>0</TranCode><TranType>0</TranType><AuthorizCode>0</AuthorizCode><Currency>0</Currency><AuthorizNo>0</AuthorizNo><Deposited>0</Deposited><Track2></Track2><Track2Len>0</Track2Len><FileNum>0</FileNum><CTransCount>0</CTransCount><ComReason>0</ComReason><CochavAmount>0.00</CochavAmount><ClubCode>0</ClubCode><HakafaSum>0.00</HakafaSum><CustID>0</CustID><IsRefundVoucher>0</IsRefundVoucher><IsChangingVoucher>0</IsChangingVoucher></Payment></Payments></Transaction><Transaction ID="" Terminal="1241" ChnNum="4900009"><TranNum>17252</TranNum><JournalNum>490</JournalNum><TranAmount>78</TranAmount><TranDiscount>0</TranDiscount><TranCashDiscount>0</TranCashDiscount><tChange>0</tChange><TranDate>2013-09-08</TranDate><TranTime>12:41:11</TranTime><IsRefund>0</IsRefund><IsDebtPayment>1</IsDebtPayment><CashierFlag>1</CashierFlag><CashierNum>1</CashierNum><AmountDiscountType>0</AmountDiscountType><ClubDealFlag>0</ClubDealFlag><CustID>0</CustID><AmountDiscountPercent>0</AmountDiscountPercent><RefundMode>0</RefundMode><Components><Component ID=""><PluCode>99318</PluCode><Title>ספריי כרום בוסני</Title><CompAmount>26</CompAmount><CompCashDiscount>0</CompCashDiscount><CompDiscount>0</CompDiscount><CodeFlag>1</CodeFlag><StockAmount>3</StockAmount><DiscountType>0</DiscountType><SecondDiscFlag>0</SecondDiscFlag><SecondFreeFlag>0</SecondFreeFlag><OtherDiscountFlag>0</OtherDiscountFlag><ClubDiscount>0</ClubDiscount><AmountPercentDiscount>0</AmountPercentDiscount><DepartmentFlag>0</DepartmentFlag><DepartmentNum>0</DepartmentNum><WeigthFlag>0</WeigthFlag><WeightQty>3</WeightQty></Component></Components><Payments><Payment ID=""><PaymID>1</PaymID><CashSum>78</CashSum><ChequeSum>0.00</ChequeSum><FullData>0</FullData><ChequeNumber></ChequeNumber><PayDate></PayDate><BankNo>0</BankNo><BankDeptNo>0</BankDeptNo><BankCntNo></BankCntNo><CouponSum>0.00</CouponSum><CouponNumber>0</CouponNumber><FrnCurrSum>0.00</FrnCurrSum><CurrencyID>0</CurrencyID><IsInShekels>0</IsInShekels><CreditCardSum>0.00</CreditCardSum><FirstPayment>0.00</FirstPayment><OtherPayment>0.00</OtherPayment><CardNum></CardNum><ExpDate>0</ExpDate><CreditTerms>0</CreditTerms><CompanyNum>0</CompanyNum><NumPayments>0</NumPayments><TranCode>0</TranCode><TranType>0</TranType><AuthorizCode>0</AuthorizCode><Currency>0</Currency><AuthorizNo>0</AuthorizNo><Deposited>0</Deposited><Track2></Track2><Track2Len>0</Track2Len><FileNum>0</FileNum><CTransCount>0</CTransCount><ComReason>0</ComReason><CochavAmount>0.00</CochavAmount><ClubCode>0</ClubCode><HakafaSum>0.00</HakafaSum><CustID>0</CustID><IsRefundVoucher>0</IsRefundVoucher><IsChangingVoucher>0</IsChangingVoucher></Payment></Payments></Transaction><Transaction ID="" Terminal="1241" ChnNum="4900010"><TranNum>17253</TranNum><JournalNum>490</JournalNum><TranAmount>160</TranAmount><TranDiscount>0</TranDiscount><TranCashDiscount>0</TranCashDiscount><tChange>0</tChange><TranDate>2013-09-08</TranDate><TranTime>12:50:54</TranTime><IsRefund>0</IsRefund><IsDebtPayment>1</IsDebtPayment><CashierFlag>1</CashierFlag><CashierNum>1</CashierNum><AmountDiscountType>0</AmountDiscountType><ClubDealFlag>0</ClubDealFlag><CustID>0</CustID><AmountDiscountPercent>0</AmountDiscountPercent><RefundMode>0</RefundMode><Components><Component ID=""><PluCode>21792</PluCode><Title>ברז פרח קצר KAG 225S</Title><CompAmount>160</CompAmount><CompCashDiscount>0</CompCashDiscount><CompDiscount>0</CompDiscount><CodeFlag>1</CodeFlag><StockAmount>1</StockAmount><DiscountType>0</DiscountType><SecondDiscFlag>0</SecondDiscFlag><SecondFreeFlag>0</SecondFreeFlag><OtherDiscountFlag>0</OtherDiscountFlag><ClubDiscount>0</ClubDiscount><AmountPercentDiscount>0</AmountPercentDiscount><DepartmentFlag>0</DepartmentFlag><DepartmentNum>0</DepartmentNum><WeigthFlag>0</WeigthFlag><WeightQty>1</WeightQty></Component></Components><Payments><Payment ID=""><PaymID>1</PaymID><CashSum>160</CashSum><ChequeSum>0.00</ChequeSum><FullData>0</FullData><ChequeNumber></ChequeNumber><PayDate></PayDate><BankNo>0</BankNo><BankDeptNo>0</BankDeptNo><BankCntNo></BankCntNo><CouponSum>0.00</CouponSum><CouponNumber>0</CouponNumber><FrnCurrSum>0.00</FrnCurrSum><CurrencyID>0</CurrencyID><IsInShekels>0</IsInShekels><CreditCardSum>0.00</CreditCardSum><FirstPayment>0.00</FirstPayment><OtherPayment>0.00</OtherPayment><CardNum></CardNum><ExpDate>0</ExpDate><CreditTerms>0</CreditTerms><CompanyNum>0</CompanyNum><NumPayments>0</NumPayments><TranCode>0</TranCode><TranType>0</TranType><AuthorizCode>0</AuthorizCode><Currency>0</Currency><AuthorizNo>0</AuthorizNo><Deposited>0</Deposited><Track2></Track2><Track2Len>0</Track2Len><FileNum>0</FileNum><CTransCount>0</CTransCount><ComReason>0</ComReason><CochavAmount>0.00</CochavAmount><ClubCode>0</ClubCode><HakafaSum>0.00</HakafaSum><CustID>0</CustID><IsRefundVoucher>0</IsRefundVoucher><IsChangingVoucher>0</IsChangingVoucher></Payment></Payments></Transaction><Transaction ID="" Terminal="1241" ChnNum="4900011"><TranNum>17254</TranNum><JournalNum>490</JournalNum><TranAmount>6</TranAmount><TranDiscount>0</TranDiscount><TranCashDiscount>0</TranCashDiscount><tChange>0</tChange><TranDate>2013-09-08</TranDate><TranTime>12:51:38</TranTime><IsRefund>0</IsRefund><IsDebtPayment>1</IsDebtPayment><CashierFlag>1</CashierFlag><CashierNum>1</CashierNum><AmountDiscountType>0</AmountDiscountType><ClubDealFlag>0</ClubDealFlag><CustID>0</CustID><AmountDiscountPercent>0</AmountDiscountPercent><RefundMode>0</RefundMode><Components><Component ID=""><PluCode>1</PluCode><Title>כללי</Title><CompAmount>6</CompAmount><CompCashDiscount>0</CompCashDiscount><CompDiscount>0</CompDiscount><CodeFlag>1</CodeFlag><StockAmount>1</StockAmount><DiscountType>0</DiscountType><SecondDiscFlag>0</SecondDiscFlag><SecondFreeFlag>0</SecondFreeFlag><OtherDiscountFlag>0</OtherDiscountFlag><ClubDiscount>0</ClubDiscount><AmountPercentDiscount>0</AmountPercentDiscount><DepartmentFlag>0</DepartmentFlag><DepartmentNum>0</DepartmentNum><WeigthFlag>0</WeigthFlag><WeightQty>1</WeightQty></Component></Components><Payments><Payment ID=""><PaymID>1</PaymID><CashSum>6</CashSum><ChequeSum>0.00</ChequeSum><FullData>0</FullData><ChequeNumber></ChequeNumber><PayDate></PayDate><BankNo>0</BankNo><BankDeptNo>0</BankDeptNo><BankCntNo></BankCntNo><CouponSum>0.00</CouponSum><CouponNumber>0</CouponNumber><FrnCurrSum>0.00</FrnCurrSum><CurrencyID>0</CurrencyID><IsInShekels>0</IsInShekels><CreditCardSum>0.00</CreditCardSum><FirstPayment>0.00</FirstPayment><OtherPayment>0.00</OtherPayment><CardNum></CardNum><ExpDate>0</ExpDate><CreditTerms>0</CreditTerms><CompanyNum>0</CompanyNum><NumPayments>0</NumPayments><TranCode>0</TranCode><TranType>0</TranType><AuthorizCode>0</AuthorizCode><Currency>0</Currency><AuthorizNo>0</AuthorizNo><Deposited>0</Deposited><Track2></Track2><Track2Len>0</Track2Len><FileNum>0</FileNum><CTransCount>0</CTransCount><ComReason>0</ComReason><CochavAmount>0.00</CochavAmount><ClubCode>0</ClubCode><HakafaSum>0.00</HakafaSum><CustID>0</CustID><IsRefundVoucher>0</IsRefundVoucher><IsChangingVoucher>0</IsChangingVoucher></Payment></Payments></Transaction><Transaction ID="" Terminal="1241" ChnNum="4900012"><TranNum>17255</TranNum><JournalNum>490</JournalNum><TranAmount>16.5</TranAmount><TranDiscount>0</TranDiscount><TranCashDiscount>0</TranCashDiscount><tChange>0</tChange><TranDate>2013-09-08</TranDate><TranTime>14:28:46</TranTime><IsRefund>0</IsRefund><IsDebtPayment>1</IsDebtPayment><CashierFlag>1</CashierFlag><CashierNum>1</CashierNum><AmountDiscountType>0</AmountDiscountType><ClubDealFlag>0</ClubDealFlag><CustID>0</CustID><AmountDiscountPercent>0</AmountDiscountPercent><RefundMode>0</RefundMode><Components><Component ID=""><PluCode>8850747502044</PluCode><Title>ספריי צבע שחור מט בוסני</Title><CompAmount>16.5</CompAmount><CompCashDiscount>0</CompCashDiscount><CompDiscount>0</CompDiscount><CodeFlag>1</CodeFlag><StockAmount>1</StockAmount><DiscountType>0</DiscountType><SecondDiscFlag>0</SecondDiscFlag><SecondFreeFlag>0</SecondFreeFlag><OtherDiscountFlag>0</OtherDiscountFlag><ClubDiscount>0</ClubDiscount><AmountPercentDiscount>0</AmountPercentDiscount><DepartmentFlag>0</DepartmentFlag><DepartmentNum>0</DepartmentNum><WeigthFlag>0</WeigthFlag><WeightQty>1</WeightQty></Component></Components><Payments><Payment ID=""><PaymID>1</PaymID><CashSum>16.5</CashSum><ChequeSum>0.00</ChequeSum><FullData>0</FullData><ChequeNumber></ChequeNumber><PayDate></PayDate><BankNo>0</BankNo><BankDeptNo>0</BankDeptNo><BankCntNo></BankCntNo><CouponSum>0.00</CouponSum><CouponNumber>0</CouponNumber><FrnCurrSum>0.00</FrnCurrSum><CurrencyID>0</CurrencyID><IsInShekels>0</IsInShekels><CreditCardSum>0.00</CreditCardSum><FirstPayment>0.00</FirstPayment><OtherPayment>0.00</OtherPayment><CardNum></CardNum><ExpDate>0</ExpDate><CreditTerms>0</CreditTerms><CompanyNum>0</CompanyNum><NumPayments>0</NumPayments><TranCode>0</TranCode><TranType>0</TranType><AuthorizCode>0</AuthorizCode><Currency>0</Currency><AuthorizNo>0</AuthorizNo><Deposited>0</Deposited><Track2></Track2><Track2Len>0</Track2Len><FileNum>0</FileNum><CTransCount>0</CTransCount><ComReason>0</ComReason><CochavAmount>0.00</CochavAmount><ClubCode>0</ClubCode><HakafaSum>0.00</HakafaSum><CustID>0</CustID><IsRefundVoucher>0</IsRefundVoucher><IsChangingVoucher>0</IsChangingVoucher></Payment></Payments></Transaction><Transaction ID="" Terminal="1241" ChnNum="4900013"><TranNum>17256</TranNum><JournalNum>490</JournalNum><TranAmount>20</TranAmount><TranDiscount>0</TranDiscount><TranCashDiscount>0</TranCashDiscount><tChange>0</tChange><TranDate>2013-09-08</TranDate><TranTime>14:46:01</TranTime><IsRefund>0</IsRefund><IsDebtPayment>1</IsDebtPayment><CashierFlag>1</CashierFlag><CashierNum>1</CashierNum><AmountDiscountType>0</AmountDiscountType><ClubDealFlag>0</ClubDealFlag><CustID>0</CustID><AmountDiscountPercent>0</AmountDiscountPercent><RefundMode>0</RefundMode><Components><Component ID=""><PluCode>1</PluCode><Title>כללי</Title><CompAmount>20</CompAmount><CompCashDiscount>0</CompCashDiscount><CompDiscount>0</CompDiscount><CodeFlag>1</CodeFlag><StockAmount>1</StockAmount><DiscountType>0</DiscountType><SecondDiscFlag>0</SecondDiscFlag><SecondFreeFlag>0</SecondFreeFlag><OtherDiscountFlag>0</OtherDiscountFlag><ClubDiscount>0</ClubDiscount><AmountPercentDiscount>0</AmountPercentDiscount><DepartmentFlag>0</DepartmentFlag><DepartmentNum>0</DepartmentNum><WeigthFlag>0</WeigthFlag><WeightQty>1</WeightQty></Component></Components><Payments><Payment ID=""><PaymID>1</PaymID><CashSum>20</CashSum><ChequeSum>0.00</ChequeSum><FullData>0</FullData><ChequeNumber></ChequeNumber><PayDate></PayDate><BankNo>0</BankNo><BankDeptNo>0</BankDeptNo><BankCntNo></BankCntNo><CouponSum>0.00</CouponSum><CouponNumber>0</CouponNumber><FrnCurrSum>0.00</FrnCurrSum><CurrencyID>0</CurrencyID><IsInShekels>0</IsInShekels><CreditCardSum>0.00</CreditCardSum><FirstPayment>0.00</FirstPayment><OtherPayment>0.00</OtherPayment><CardNum></CardNum><ExpDate>0</ExpDate><CreditTerms>0</CreditTerms><CompanyNum>0</CompanyNum><NumPayments>0</NumPayments><TranCode>0</TranCode><TranType>0</TranType><AuthorizCode>0</AuthorizCode><Currency>0</Currency><AuthorizNo>0</AuthorizNo><Deposited>0</Deposited><Track2></Track2><Track2Len>0</Track2Len><FileNum>0</FileNum><CTransCount>0</CTransCount><ComReason>0</ComReason><CochavAmount>0.00</CochavAmount><ClubCode>0</ClubCode><HakafaSum>0.00</HakafaSum><CustID>0</CustID><IsRefundVoucher>0</IsRefundVoucher><IsChangingVoucher>0</IsChangingVoucher></Payment></Payments></Transaction><Transaction ID="" Terminal="1241" ChnNum="4900014"><TranNum>17257</TranNum><JournalNum>490</JournalNum><TranAmount>9</TranAmount><TranDiscount>0</TranDiscount><TranCashDiscount>0</TranCashDiscount><tChange>0</tChange><TranDate>2013-09-08</TranDate><TranTime>15:24:02</TranTime><IsRefund>0</IsRefund><IsDebtPayment>1</IsDebtPayment><CashierFlag>1</CashierFlag><CashierNum>1</CashierNum><AmountDiscountType>0</AmountDiscountType><ClubDealFlag>0</ClubDealFlag><CustID>0</CustID><AmountDiscountPercent>0</AmountDiscountPercent><RefundMode>0</RefundMode><Components><Component ID=""><PluCode>1</PluCode><Title>כללי</Title><CompAmount>9</CompAmount><CompCashDiscount>0</CompCashDiscount><CompDiscount>0</CompDiscount><CodeFlag>1</CodeFlag><StockAmount>1</StockAmount><DiscountType>0</DiscountType><SecondDiscFlag>0</SecondDiscFlag><SecondFreeFlag>0</SecondFreeFlag><OtherDiscountFlag>0</OtherDiscountFlag><ClubDiscount>0</ClubDiscount><AmountPercentDiscount>0</AmountPercentDiscount><DepartmentFlag>0</DepartmentFlag><DepartmentNum>0</DepartmentNum><WeigthFlag>0</WeigthFlag><WeightQty>1</WeightQty></Component></Components><Payments><Payment ID=""><PaymID>1</PaymID><CashSum>9</CashSum><ChequeSum>0.00</ChequeSum><FullData>0</FullData><ChequeNumber></ChequeNumber><PayDate></PayDate><BankNo>0</BankNo><BankDeptNo>0</BankDeptNo><BankCntNo></BankCntNo><CouponSum>0.00</CouponSum><CouponNumber>0</CouponNumber><FrnCurrSum>0.00</FrnCurrSum><CurrencyID>0</CurrencyID><IsInShekels>0</IsInShekels><CreditCardSum>0.00</CreditCardSum><FirstPayment>0.00</FirstPayment><OtherPayment>0.00</OtherPayment><CardNum></CardNum><ExpDate>0</ExpDate><CreditTerms>0</CreditTerms><CompanyNum>0</CompanyNum><NumPayments>0</NumPayments><TranCode>0</TranCode><TranType>0</TranType><AuthorizCode>0</AuthorizCode><Currency>0</Currency><AuthorizNo>0</AuthorizNo><Deposited>0</Deposited><Track2></Track2><Track2Len>0</Track2Len><FileNum>0</FileNum><CTransCount>0</CTransCount><ComReason>0</ComReason><CochavAmount>0.00</CochavAmount><ClubCode>0</ClubCode><HakafaSum>0.00</HakafaSum><CustID>0</CustID><IsRefundVoucher>0</IsRefundVoucher><IsChangingVoucher>0</IsChangingVoucher></Payment></Payments></Transaction><Transaction ID="" Terminal="1241" ChnNum="4900015"><TranNum>17258</TranNum><JournalNum>490</JournalNum><TranAmount>36</TranAmount><TranDiscount>0</TranDiscount><TranCashDiscount>0</TranCashDiscount><tChange>0</tChange><TranDate>2013-09-08</TranDate><TranTime>15:25:54</TranTime><IsRefund>0</IsRefund><IsDebtPayment>1</IsDebtPayment><CashierFlag>1</CashierFlag><CashierNum>1</CashierNum><AmountDiscountType>0</AmountDiscountType><ClubDealFlag>0</ClubDealFlag><CustID>0</CustID><AmountDiscountPercent>0</AmountDiscountPercent><RefundMode>0</RefundMode><Components><Component ID=""><PluCode>1</PluCode><Title>כללי</Title><CompAmount>36</CompAmount><CompCashDiscount>0</CompCashDiscount><CompDiscount>0</CompDiscount><CodeFlag>1</CodeFlag><StockAmount>1</StockAmount><DiscountType>0</DiscountType><SecondDiscFlag>0</SecondDiscFlag><SecondFreeFlag>0</SecondFreeFlag><OtherDiscountFlag>0</OtherDiscountFlag><ClubDiscount>0</ClubDiscount><AmountPercentDiscount>0</AmountPercentDiscount><DepartmentFlag>0</DepartmentFlag><DepartmentNum>0</DepartmentNum><WeigthFlag>0</WeigthFlag><WeightQty>1</WeightQty></Component></Components><Payments><Payment ID=""><PaymID>5</PaymID><CashSum>0.00</CashSum><ChequeSum>0.00</ChequeSum><FullData>0</FullData><ChequeNumber></ChequeNumber><PayDate></PayDate><BankNo>0</BankNo><BankDeptNo>0</BankDeptNo><BankCntNo></BankCntNo><CouponSum>0.00</CouponSum><CouponNumber>0</CouponNumber><FrnCurrSum>0.00</FrnCurrSum><CurrencyID>0</CurrencyID><IsInShekels>0</IsInShekels><CreditCardSum>36</CreditCardSum><FirstPayment>36</FirstPayment><OtherPayment>36</OtherPayment><CardNum>4580030315944451</CardNum><ExpDate>2017-08-01 00:00:00</ExpDate><CreditTerms>1</CreditTerms><CompanyNum>2</CompanyNum><NumPayments>1</NumPayments><TranCode>Regular</TranCode><TranType>1</TranType><AuthorizCode>Manual</AuthorizCode><Currency>1</Currency><AuthorizNo></AuthorizNo><Deposited>0</Deposited><Track2></Track2><Track2Len>0</Track2Len><FileNum>0</FileNum><CTransCount>0</CTransCount><ComReason>2</ComReason><CochavAmount>0</CochavAmount><ClubCode>0</ClubCode><HakafaSum>0.00</HakafaSum><CustID>0</CustID><IsRefundVoucher>0</IsRefundVoucher><IsChangingVoucher>0</IsChangingVoucher></Payment></Payments></Transaction><Transaction ID="" Terminal="1241" ChnNum="4900016"><TranNum>17259</TranNum><JournalNum>490</JournalNum><TranAmount>30</TranAmount><TranDiscount>0</TranDiscount><TranCashDiscount>0</TranCashDiscount><tChange>0</tChange><TranDate>2013-09-08</TranDate><TranTime>15:57:50</TranTime><IsRefund>0</IsRefund><IsDebtPayment>1</IsDebtPayment><CashierFlag>1</CashierFlag><CashierNum>1</CashierNum><AmountDiscountType>0</AmountDiscountType><ClubDealFlag>0</ClubDealFlag><CustID>0</CustID><AmountDiscountPercent>0</AmountDiscountPercent><RefundMode>0</RefundMode><Components><Component ID=""><PluCode>1</PluCode><Title>כללי</Title><CompAmount>30</CompAmount><CompCashDiscount>0</CompCashDiscount><CompDiscount>0</CompDiscount><CodeFlag>1</CodeFlag><StockAmount>1</StockAmount><DiscountType>0</DiscountType><SecondDiscFlag>0</SecondDiscFlag><SecondFreeFlag>0</SecondFreeFlag><OtherDiscountFlag>0</OtherDiscountFlag><ClubDiscount>0</ClubDiscount><AmountPercentDiscount>0</AmountPercentDiscount><DepartmentFlag>0</DepartmentFlag><DepartmentNum>0</DepartmentNum><WeigthFlag>0</WeigthFlag><WeightQty>1</WeightQty></Component></Components><Payments><Payment ID=""><PaymID>1</PaymID><CashSum>30</CashSum><ChequeSum>0.00</ChequeSum><FullData>0</FullData><ChequeNumber></ChequeNumber><PayDate></PayDate><BankNo>0</BankNo><BankDeptNo>0</BankDeptNo><BankCntNo></BankCntNo><CouponSum>0.00</CouponSum><CouponNumber>0</CouponNumber><FrnCurrSum>0.00</FrnCurrSum><CurrencyID>0</CurrencyID><IsInShekels>0</IsInShekels><CreditCardSum>0.00</CreditCardSum><FirstPayment>0.00</FirstPayment><OtherPayment>0.00</OtherPayment><CardNum></CardNum><ExpDate>0</ExpDate><CreditTerms>0</CreditTerms><CompanyNum>0</CompanyNum><NumPayments>0</NumPayments><TranCode>0</TranCode><TranType>0</TranType><AuthorizCode>0</AuthorizCode><Currency>0</Currency><AuthorizNo>0</AuthorizNo><Deposited>0</Deposited><Track2></Track2><Track2Len>0</Track2Len><FileNum>0</FileNum><CTransCount>0</CTransCount><ComReason>0</ComReason><CochavAmount>0.00</CochavAmount><ClubCode>0</ClubCode><HakafaSum>0.00</HakafaSum><CustID>0</CustID><IsRefundVoucher>0</IsRefundVoucher><IsChangingVoucher>0</IsChangingVoucher></Payment></Payments></Transaction><Transaction ID="" Terminal="1241" ChnNum="4900017"><TranNum>17260</TranNum><JournalNum>490</JournalNum><TranAmount>12.9</TranAmount><TranDiscount>0</TranDiscount><TranCashDiscount>0</TranCashDiscount><tChange>0</tChange><TranDate>2013-09-08</TranDate><TranTime>16:09:34</TranTime><IsRefund>0</IsRefund><IsDebtPayment>1</IsDebtPayment><CashierFlag>1</CashierFlag><CashierNum>1</CashierNum><AmountDiscountType>0</AmountDiscountType><ClubDealFlag>0</ClubDealFlag><CustID>0</CustID><AmountDiscountPercent>0</AmountDiscountPercent><RefundMode>0</RefundMode><Components><Component ID=""><PluCode>1</PluCode><Title>כללי</Title><CompAmount>12.9</CompAmount><CompCashDiscount>0</CompCashDiscount><CompDiscount>0</CompDiscount><CodeFlag>1</CodeFlag><StockAmount>1</StockAmount><DiscountType>0</DiscountType><SecondDiscFlag>0</SecondDiscFlag><SecondFreeFlag>0</SecondFreeFlag><OtherDiscountFlag>0</OtherDiscountFlag><ClubDiscount>0</ClubDiscount><AmountPercentDiscount>0</AmountPercentDiscount><DepartmentFlag>0</DepartmentFlag><DepartmentNum>0</DepartmentNum><WeigthFlag>0</WeigthFlag><WeightQty>1</WeightQty></Component></Components><Payments><Payment ID=""><PaymID>1</PaymID><CashSum>12.9</CashSum><ChequeSum>0.00</ChequeSum><FullData>0</FullData><ChequeNumber></ChequeNumber><PayDate></PayDate><BankNo>0</BankNo><BankDeptNo>0</BankDeptNo><BankCntNo></BankCntNo><CouponSum>0.00</CouponSum><CouponNumber>0</CouponNumber><FrnCurrSum>0.00</FrnCurrSum><CurrencyID>0</CurrencyID><IsInShekels>0</IsInShekels><CreditCardSum>0.00</CreditCardSum><FirstPayment>0.00</FirstPayment><OtherPayment>0.00</OtherPayment><CardNum></CardNum><ExpDate>0</ExpDate><CreditTerms>0</CreditTerms><CompanyNum>0</CompanyNum><NumPayments>0</NumPayments><TranCode>0</TranCode><TranType>0</TranType><AuthorizCode>0</AuthorizCode><Currency>0</Currency><AuthorizNo>0</AuthorizNo><Deposited>0</Deposited><Track2></Track2><Track2Len>0</Track2Len><FileNum>0</FileNum><CTransCount>0</CTransCount><ComReason>0</ComReason><CochavAmount>0.00</CochavAmount><ClubCode>0</ClubCode><HakafaSum>0.00</HakafaSum><CustID>0</CustID><IsRefundVoucher>0</IsRefundVoucher><IsChangingVoucher>0</IsChangingVoucher></Payment></Payments></Transaction><Transaction ID="" Terminal="1241" ChnNum="4900018"><TranNum>17261</TranNum><JournalNum>490</JournalNum><TranAmount>84.9</TranAmount><TranDiscount>0</TranDiscount><TranCashDiscount>0</TranCashDiscount><tChange>0</tChange><TranDate>2013-09-08</TranDate><TranTime>16:41:23</TranTime><IsRefund>0</IsRefund><IsDebtPayment>1</IsDebtPayment><CashierFlag>1</CashierFlag><CashierNum>1</CashierNum><AmountDiscountType>0</AmountDiscountType><ClubDealFlag>0</ClubDealFlag><CustID>0</CustID><AmountDiscountPercent>0</AmountDiscountPercent><RefundMode>0</RefundMode><Components><Component ID=""><PluCode>1</PluCode><Title>כללי</Title><CompAmount>74.9</CompAmount><CompCashDiscount>0</CompCashDiscount><CompDiscount>0</CompDiscount><CodeFlag>1</CodeFlag><StockAmount>1</StockAmount><DiscountType>0</DiscountType><SecondDiscFlag>0</SecondDiscFlag><SecondFreeFlag>0</SecondFreeFlag><OtherDiscountFlag>0</OtherDiscountFlag><ClubDiscount>0</ClubDiscount><AmountPercentDiscount>0</AmountPercentDiscount><DepartmentFlag>0</DepartmentFlag><DepartmentNum>0</DepartmentNum><WeigthFlag>0</WeigthFlag><WeightQty>1</WeightQty></Component><Component ID=""><PluCode>1</PluCode><Title>כללי</Title><CompAmount>10</CompAmount><CompCashDiscount>0</CompCashDiscount><CompDiscount>0</CompDiscount><CodeFlag>1</CodeFlag><StockAmount>1</StockAmount><DiscountType>0</DiscountType><SecondDiscFlag>0</SecondDiscFlag><SecondFreeFlag>0</SecondFreeFlag><OtherDiscountFlag>0</OtherDiscountFlag><ClubDiscount>0</ClubDiscount><AmountPercentDiscount>0</AmountPercentDiscount><DepartmentFlag>0</DepartmentFlag><DepartmentNum>0</DepartmentNum><WeigthFlag>0</WeigthFlag><WeightQty>1</WeightQty></Component></Components><Payments><Payment ID=""><PaymID>1</PaymID><CashSum>84.9</CashSum><ChequeSum>0.00</ChequeSum><FullData>0</FullData><ChequeNumber></ChequeNumber><PayDate></PayDate><BankNo>0</BankNo><BankDeptNo>0</BankDeptNo><BankCntNo></BankCntNo><CouponSum>0.00</CouponSum><CouponNumber>0</CouponNumber><FrnCurrSum>0.00</FrnCurrSum><CurrencyID>0</CurrencyID><IsInShekels>0</IsInShekels><CreditCardSum>0.00</CreditCardSum><FirstPayment>0.00</FirstPayment><OtherPayment>0.00</OtherPayment><CardNum></CardNum><ExpDate>0</ExpDate><CreditTerms>0</CreditTerms><CompanyNum>0</CompanyNum><NumPayments>0</NumPayments><TranCode>0</TranCode><TranType>0</TranType><AuthorizCode>0</AuthorizCode><Currency>0</Currency><AuthorizNo>0</AuthorizNo><Deposited>0</Deposited><Track2></Track2><Track2Len>0</Track2Len><FileNum>0</FileNum><CTransCount>0</CTransCount><ComReason>0</ComReason><CochavAmount>0.00</CochavAmount><ClubCode>0</ClubCode><HakafaSum>0.00</HakafaSum><CustID>0</CustID><IsRefundVoucher>0</IsRefundVoucher><IsChangingVoucher>0</IsChangingVoucher></Payment></Payments></Transaction><Transaction ID="" Terminal="1241" ChnNum="4900019"><TranNum>17262</TranNum><JournalNum>490</JournalNum><TranAmount>24</TranAmount><TranDiscount>0</TranDiscount><TranCashDiscount>0</TranCashDiscount><tChange>0</tChange><TranDate>2013-09-08</TranDate><TranTime>16:56:00</TranTime><IsRefund>0</IsRefund><IsDebtPayment>1</IsDebtPayment><CashierFlag>1</CashierFlag><CashierNum>1</CashierNum><AmountDiscountType>0</AmountDiscountType><ClubDealFlag>0</ClubDealFlag><CustID>0</CustID><AmountDiscountPercent>0</AmountDiscountPercent><RefundMode>0</RefundMode><Components><Component ID=""><PluCode>104913</PluCode><Title>פלסטוסטיק</Title><CompAmount>24</CompAmount><CompCashDiscount>0</CompCashDiscount><CompDiscount>0</CompDiscount><CodeFlag>1</CodeFlag><StockAmount>1</StockAmount><DiscountType>0</DiscountType><SecondDiscFlag>0</SecondDiscFlag><SecondFreeFlag>0</SecondFreeFlag><OtherDiscountFlag>0</OtherDiscountFlag><ClubDiscount>0</ClubDiscount><AmountPercentDiscount>0</AmountPercentDiscount><DepartmentFlag>0</DepartmentFlag><DepartmentNum>0</DepartmentNum><WeigthFlag>0</WeigthFlag><WeightQty>1</WeightQty></Component></Components><Payments><Payment ID=""><PaymID>1</PaymID><CashSum>24</CashSum><ChequeSum>0.00</ChequeSum><FullData>0</FullData><ChequeNumber></ChequeNumber><PayDate></PayDate><BankNo>0</BankNo><BankDeptNo>0</BankDeptNo><BankCntNo></BankCntNo><CouponSum>0.00</CouponSum><CouponNumber>0</CouponNumber><FrnCurrSum>0.00</FrnCurrSum><CurrencyID>0</CurrencyID><IsInShekels>0</IsInShekels><CreditCardSum>0.00</CreditCardSum><FirstPayment>0.00</FirstPayment><OtherPayment>0.00</OtherPayment><CardNum></CardNum><ExpDate>0</ExpDate><CreditTerms>0</CreditTerms><CompanyNum>0</CompanyNum><NumPayments>0</NumPayments><TranCode>0</TranCode><TranType>0</TranType><AuthorizCode>0</AuthorizCode><Currency>0</Currency><AuthorizNo>0</AuthorizNo><Deposited>0</Deposited><Track2></Track2><Track2Len>0</Track2Len><FileNum>0</FileNum><CTransCount>0</CTransCount><ComReason>0</ComReason><CochavAmount>0.00</CochavAmount><ClubCode>0</ClubCode><HakafaSum>0.00</HakafaSum><CustID>0</CustID><IsRefundVoucher>0</IsRefundVoucher><IsChangingVoucher>0</IsChangingVoucher></Payment></Payments></Transaction><Transaction ID="" Terminal="1241" ChnNum="4900020"><TranNum>17263</TranNum><JournalNum>490</JournalNum><TranAmount>5.5</TranAmount><TranDiscount>0</TranDiscount><TranCashDiscount>0</TranCashDiscount><tChange>0</tChange><TranDate>2013-09-08</TranDate><TranTime>17:23:37</TranTime><IsRefund>0</IsRefund><IsDebtPayment>1</IsDebtPayment><CashierFlag>1</CashierFlag><CashierNum>1</CashierNum><AmountDiscountType>0</AmountDiscountType><ClubDealFlag>0</ClubDealFlag><CustID>0</CustID><AmountDiscountPercent>0</AmountDiscountPercent><RefundMode>0</RefundMode><Components><Component ID=""><PluCode>1</PluCode><Title>כללי</Title><CompAmount>5.5</CompAmount><CompCashDiscount>0</CompCashDiscount><CompDiscount>0</CompDiscount><CodeFlag>1</CodeFlag><StockAmount>1</StockAmount><DiscountType>0</DiscountType><SecondDiscFlag>0</SecondDiscFlag><SecondFreeFlag>0</SecondFreeFlag><OtherDiscountFlag>0</OtherDiscountFlag><ClubDiscount>0</ClubDiscount><AmountPercentDiscount>0</AmountPercentDiscount><DepartmentFlag>0</DepartmentFlag><DepartmentNum>0</DepartmentNum><WeigthFlag>0</WeigthFlag><WeightQty>1</WeightQty></Component></Components><Payments><Payment ID=""><PaymID>1</PaymID><CashSum>5.5</CashSum><ChequeSum>0.00</ChequeSum><FullData>0</FullData><ChequeNumber></ChequeNumber><PayDate></PayDate><BankNo>0</BankNo><BankDeptNo>0</BankDeptNo><BankCntNo></BankCntNo><CouponSum>0.00</CouponSum><CouponNumber>0</CouponNumber><FrnCurrSum>0.00</FrnCurrSum><CurrencyID>0</CurrencyID><IsInShekels>0</IsInShekels><CreditCardSum>0.00</CreditCardSum><FirstPayment>0.00</FirstPayment><OtherPayment>0.00</OtherPayment><CardNum></CardNum><ExpDate>0</ExpDate><CreditTerms>0</CreditTerms><CompanyNum>0</CompanyNum><NumPayments>0</NumPayments><TranCode>0</TranCode><TranType>0</TranType><AuthorizCode>0</AuthorizCode><Currency>0</Currency><AuthorizNo>0</AuthorizNo><Deposited>0</Deposited><Track2></Track2><Track2Len>0</Track2Len><FileNum>0</FileNum><CTransCount>0</CTransCount><ComReason>0</ComReason><CochavAmount>0.00</CochavAmount><ClubCode>0</ClubCode><HakafaSum>0.00</HakafaSum><CustID>0</CustID><IsRefundVoucher>0</IsRefundVoucher><IsChangingVoucher>0</IsChangingVoucher></Payment></Payments></Transaction><Transaction ID="" Terminal="1241" ChnNum="4900021"><TranNum>17264</TranNum><JournalNum>490</JournalNum><TranAmount>75</TranAmount><TranDiscount>0</TranDiscount><TranCashDiscount>0</TranCashDiscount><tChange>0</tChange><TranDate>2013-09-08</TranDate><TranTime>17:31:52</TranTime><IsRefund>0</IsRefund><IsDebtPayment>1</IsDebtPayment><CashierFlag>1</CashierFlag><CashierNum>1</CashierNum><AmountDiscountType>0</AmountDiscountType><ClubDealFlag>0</ClubDealFlag><CustID>0</CustID><AmountDiscountPercent>0</AmountDiscountPercent><RefundMode>0</RefundMode><Components><Component ID=""><PluCode>110643</PluCode><Title>פח דוושה 25 ל'</Title><CompAmount>75</CompAmount><CompCashDiscount>0</CompCashDiscount><CompDiscount>0</CompDiscount><CodeFlag>1</CodeFlag><StockAmount>1</StockAmount><DiscountType>0</DiscountType><SecondDiscFlag>0</SecondDiscFlag><SecondFreeFlag>0</SecondFreeFlag><OtherDiscountFlag>0</OtherDiscountFlag><ClubDiscount>0</ClubDiscount><AmountPercentDiscount>0</AmountPercentDiscount><DepartmentFlag>0</DepartmentFlag><DepartmentNum>0</DepartmentNum><WeigthFlag>0</WeigthFlag><WeightQty>1</WeightQty></Component></Components><Payments><Payment ID=""><PaymID>1</PaymID><CashSum>75</CashSum><ChequeSum>0.00</ChequeSum><FullData>0</FullData><ChequeNumber></ChequeNumber><PayDate></PayDate><BankNo>0</BankNo><BankDeptNo>0</BankDeptNo><BankCntNo></BankCntNo><CouponSum>0.00</CouponSum><CouponNumber>0</CouponNumber><FrnCurrSum>0.00</FrnCurrSum><CurrencyID>0</CurrencyID><IsInShekels>0</IsInShekels><CreditCardSum>0.00</CreditCardSum><FirstPayment>0.00</FirstPayment><OtherPayment>0.00</OtherPayment><CardNum></CardNum><ExpDate>0</ExpDate><CreditTerms>0</CreditTerms><CompanyNum>0</CompanyNum><NumPayments>0</NumPayments><TranCode>0</TranCode><TranType>0</TranType><AuthorizCode>0</AuthorizCode><Currency>0</Currency><AuthorizNo>0</AuthorizNo><Deposited>0</Deposited><Track2></Track2><Track2Len>0</Track2Len><FileNum>0</FileNum><CTransCount>0</CTransCount><ComReason>0</ComReason><CochavAmount>0.00</CochavAmount><ClubCode>0</ClubCode><HakafaSum>0.00</HakafaSum><CustID>0</CustID><IsRefundVoucher>0</IsRefundVoucher><IsChangingVoucher>0</IsChangingVoucher></Payment></Payments></Transaction><Transaction ID="" Terminal="1241" ChnNum="4900022"><TranNum>17265</TranNum><JournalNum>490</JournalNum><TranAmount>20</TranAmount><TranDiscount>0</TranDiscount><TranCashDiscount>0</TranCashDiscount><tChange>0</tChange><TranDate>2013-09-08</TranDate><TranTime>17:37:33</TranTime><IsRefund>0</IsRefund><IsDebtPayment>1</IsDebtPayment><CashierFlag>1</CashierFlag><CashierNum>1</CashierNum><AmountDiscountType>0</AmountDiscountType><ClubDealFlag>0</ClubDealFlag><CustID>0</CustID><AmountDiscountPercent>0</AmountDiscountPercent><RefundMode>0</RefundMode><Components><Component ID=""><PluCode>1</PluCode><Title>כללי</Title><CompAmount>20</CompAmount><CompCashDiscount>0</CompCashDiscount><CompDiscount>0</CompDiscount><CodeFlag>1</CodeFlag><StockAmount>1</StockAmount><DiscountType>0</DiscountType><SecondDiscFlag>0</SecondDiscFlag><SecondFreeFlag>0</SecondFreeFlag><OtherDiscountFlag>0</OtherDiscountFlag><ClubDiscount>0</ClubDiscount><AmountPercentDiscount>0</AmountPercentDiscount><DepartmentFlag>0</DepartmentFlag><DepartmentNum>0</DepartmentNum><WeigthFlag>0</WeigthFlag><WeightQty>1</WeightQty></Component></Components><Payments><Payment ID=""><PaymID>1</PaymID><CashSum>20</CashSum><ChequeSum>0.00</ChequeSum><FullData>0</FullData><ChequeNumber></ChequeNumber><PayDate></PayDate><BankNo>0</BankNo><BankDeptNo>0</BankDeptNo><BankCntNo></BankCntNo><CouponSum>0.00</CouponSum><CouponNumber>0</CouponNumber><FrnCurrSum>0.00</FrnCurrSum><CurrencyID>0</CurrencyID><IsInShekels>0</IsInShekels><CreditCardSum>0.00</CreditCardSum><FirstPayment>0.00</FirstPayment><OtherPayment>0.00</OtherPayment><CardNum></CardNum><ExpDate>0</ExpDate><CreditTerms>0</CreditTerms><CompanyNum>0</CompanyNum><NumPayments>0</NumPayments><TranCode>0</TranCode><TranType>0</TranType><AuthorizCode>0</AuthorizCode><Currency>0</Currency><AuthorizNo>0</AuthorizNo><Deposited>0</Deposited><Track2></Track2><Track2Len>0</Track2Len><FileNum>0</FileNum><CTransCount>0</CTransCount><ComReason>0</ComReason><CochavAmount>0.00</CochavAmount><ClubCode>0</ClubCode><HakafaSum>0.00</HakafaSum><CustID>0</CustID><IsRefundVoucher>0</IsRefundVoucher><IsChangingVoucher>0</IsChangingVoucher></Payment></Payments></Transaction><Transaction ID="" Terminal="1241" ChnNum="4900023"><TranNum>17266</TranNum><JournalNum>490</JournalNum><TranAmount>20</TranAmount><TranDiscount>0</TranDiscount><TranCashDiscount>0</TranCashDiscount><tChange>0</tChange><TranDate>2013-09-08</TranDate><TranTime>17:51:38</TranTime><IsRefund>0</IsRefund><IsDebtPayment>1</IsDebtPayment><CashierFlag>1</CashierFlag><CashierNum>1</CashierNum><AmountDiscountType>0</AmountDiscountType><ClubDealFlag>0</ClubDealFlag><CustID>0</CustID><AmountDiscountPercent>0</AmountDiscountPercent><RefundMode>0</RefundMode><Components><Component ID=""><PluCode>1</PluCode><Title>כללי</Title><CompAmount>20</CompAmount><CompCashDiscount>0</CompCashDiscount><CompDiscount>0</CompDiscount><CodeFlag>1</CodeFlag><StockAmount>1</StockAmount><DiscountType>0</DiscountType><SecondDiscFlag>0</SecondDiscFlag><SecondFreeFlag>0</SecondFreeFlag><OtherDiscountFlag>0</OtherDiscountFlag><ClubDiscount>0</ClubDiscount><AmountPercentDiscount>0</AmountPercentDiscount><DepartmentFlag>0</DepartmentFlag><DepartmentNum>0</DepartmentNum><WeigthFlag>0</WeigthFlag><WeightQty>1</WeightQty></Component></Components><Payments><Payment ID=""><PaymID>1</PaymID><CashSum>20</CashSum><ChequeSum>0.00</ChequeSum><FullData>0</FullData><ChequeNumber></ChequeNumber><PayDate></PayDate><BankNo>0</BankNo><BankDeptNo>0</BankDeptNo><BankCntNo></BankCntNo><CouponSum>0.00</CouponSum><CouponNumber>0</CouponNumber><FrnCurrSum>0.00</FrnCurrSum><CurrencyID>0</CurrencyID><IsInShekels>0</IsInShekels><CreditCardSum>0.00</CreditCardSum><FirstPayment>0.00</FirstPayment><OtherPayment>0.00</OtherPayment><CardNum></CardNum><ExpDate>0</ExpDate><CreditTerms>0</CreditTerms><CompanyNum>0</CompanyNum><NumPayments>0</NumPayments><TranCode>0</TranCode><TranType>0</TranType><AuthorizCode>0</AuthorizCode><Currency>0</Currency><AuthorizNo>0</AuthorizNo><Deposited>0</Deposited><Track2></Track2><Track2Len>0</Track2Len><FileNum>0</FileNum><CTransCount>0</CTransCount><ComReason>0</ComReason><CochavAmount>0.00</CochavAmount><ClubCode>0</ClubCode><HakafaSum>0.00</HakafaSum><CustID>0</CustID><IsRefundVoucher>0</IsRefundVoucher><IsChangingVoucher>0</IsChangingVoucher></Payment></Payments></Transaction><Transaction ID="" Terminal="1241" ChnNum="4900024"><TranNum>17267</TranNum><JournalNum>490</JournalNum><TranAmount>33.9</TranAmount><TranDiscount>0</TranDiscount><TranCashDiscount>0</TranCashDiscount><tChange>0</tChange><TranDate>2013-09-08</TranDate><TranTime>18:04:55</TranTime><IsRefund>0</IsRefund><IsDebtPayment>1</IsDebtPayment><CashierFlag>1</CashierFlag><CashierNum>1</CashierNum><AmountDiscountType>0</AmountDiscountType><ClubDealFlag>0</ClubDealFlag><CustID>0</CustID><AmountDiscountPercent>0</AmountDiscountPercent><RefundMode>0</RefundMode><Components><Component ID=""><PluCode>7291044031591</PluCode><Title>רב שקע 6 + 1 מ' כבל ECOUEURO</Title><CompAmount>33.9</CompAmount><CompCashDiscount>0</CompCashDiscount><CompDiscount>0</CompDiscount><CodeFlag>1</CodeFlag><StockAmount>1</StockAmount><DiscountType>0</DiscountType><SecondDiscFlag>0</SecondDiscFlag><SecondFreeFlag>0</SecondFreeFlag><OtherDiscountFlag>0</OtherDiscountFlag><ClubDiscount>0</ClubDiscount><AmountPercentDiscount>0</AmountPercentDiscount><DepartmentFlag>0</DepartmentFlag><DepartmentNum>0</DepartmentNum><WeigthFlag>0</WeigthFlag><WeightQty>1</WeightQty></Component></Components><Payments><Payment ID=""><PaymID>1</PaymID><CashSum>33.9</CashSum><ChequeSum>0.00</ChequeSum><FullData>0</FullData><ChequeNumber></ChequeNumber><PayDate></PayDate><BankNo>0</BankNo><BankDeptNo>0</BankDeptNo><BankCntNo></BankCntNo><CouponSum>0.00</CouponSum><CouponNumber>0</CouponNumber><FrnCurrSum>0.00</FrnCurrSum><CurrencyID>0</CurrencyID><IsInShekels>0</IsInShekels><CreditCardSum>0.00</CreditCardSum><FirstPayment>0.00</FirstPayment><OtherPayment>0.00</OtherPayment><CardNum></CardNum><ExpDate>0</ExpDate><CreditTerms>0</CreditTerms><CompanyNum>0</CompanyNum><NumPayments>0</NumPayments><TranCode>0</TranCode><TranType>0</TranType><AuthorizCode>0</AuthorizCode><Currency>0</Currency><AuthorizNo>0</AuthorizNo><Deposited>0</Deposited><Track2></Track2><Track2Len>0</Track2Len><FileNum>0</FileNum><CTransCount>0</CTransCount><ComReason>0</ComReason><CochavAmount>0.00</CochavAmount><ClubCode>0</ClubCode><HakafaSum>0.00</HakafaSum><CustID>0</CustID><IsRefundVoucher>0</IsRefundVoucher><IsChangingVoucher>0</IsChangingVoucher></Payment></Payments></Transaction><Transaction ID="" Terminal="1241" ChnNum="4900025"><TranNum>17268</TranNum><JournalNum>490</JournalNum><TranAmount>200</TranAmount><TranDiscount>0</TranDiscount><TranCashDiscount>0</TranCashDiscount><tChange>0</tChange><TranDate>2013-09-08</TranDate><TranTime>18:07:19</TranTime><IsRefund>0</IsRefund><IsDebtPayment>1</IsDebtPayment><CashierFlag>1</CashierFlag><CashierNum>1</CashierNum><AmountDiscountType>0</AmountDiscountType><ClubDealFlag>0</ClubDealFlag><CustID>0</CustID><AmountDiscountPercent>0</AmountDiscountPercent><RefundMode>0</RefundMode><Components><Component ID=""><PluCode>213128</PluCode><Title>ברז קיר פיה ארוכה KAG 514L</Title><CompAmount>200</CompAmount><CompCashDiscount>0</CompCashDiscount><CompDiscount>0</CompDiscount><CodeFlag>1</CodeFlag><StockAmount>1</StockAmount><DiscountType>0</DiscountType><SecondDiscFlag>0</SecondDiscFlag><SecondFreeFlag>0</SecondFreeFlag><OtherDiscountFlag>0</OtherDiscountFlag><ClubDiscount>0</ClubDiscount><AmountPercentDiscount>0</AmountPercentDiscount><DepartmentFlag>0</DepartmentFlag><DepartmentNum>0</DepartmentNum><WeigthFlag>0</WeigthFlag><WeightQty>1</WeightQty></Component></Components><Payments><Payment ID=""><PaymID>5</PaymID><CashSum>0.00</CashSum><ChequeSum>0.00</ChequeSum><FullData>0</FullData><ChequeNumber></ChequeNumber><PayDate></PayDate><BankNo>0</BankNo><BankDeptNo>0</BankDeptNo><BankCntNo></BankCntNo><CouponSum>0.00</CouponSum><CouponNumber>0</CouponNumber><FrnCurrSum>0.00</FrnCurrSum><CurrencyID>0</CurrencyID><IsInShekels>0</IsInShekels><CreditCardSum>200</CreditCardSum><FirstPayment>200</FirstPayment><OtherPayment>200</OtherPayment><CardNum>375510290081822</CardNum><ExpDate>2015-09-01 00:00:00</ExpDate><CreditTerms>1</CreditTerms><CompanyNum>4</CompanyNum><NumPayments>1</NumPayments><TranCode>Regular</TranCode><TranType>1</TranType><AuthorizCode>Manual</AuthorizCode><Currency>1</Currency><AuthorizNo></AuthorizNo><Deposited>0</Deposited><Track2></Track2><Track2Len>0</Track2Len><FileNum>0</FileNum><CTransCount>0</CTransCount><ComReason>2</ComReason><CochavAmount>0</CochavAmount><ClubCode>0</ClubCode><HakafaSum>0.00</HakafaSum><CustID>0</CustID><IsRefundVoucher>0</IsRefundVoucher><IsChangingVoucher>0</IsChangingVoucher></Payment></Payments></Transaction><Transaction ID="" Terminal="1241" ChnNum="4900026"><TranNum>17269</TranNum><JournalNum>490</JournalNum><TranAmount>25</TranAmount><TranDiscount>0</TranDiscount><TranCashDiscount>0</TranCashDiscount><tChange>0</tChange><TranDate>2013-09-08</TranDate><TranTime>18:45:44</TranTime><IsRefund>0</IsRefund><IsDebtPayment>1</IsDebtPayment><CashierFlag>1</CashierFlag><CashierNum>1</CashierNum><AmountDiscountType>0</AmountDiscountType><ClubDealFlag>0</ClubDealFlag><CustID>0</CustID><AmountDiscountPercent>0</AmountDiscountPercent><RefundMode>0</RefundMode><Components><Component ID=""><PluCode>1</PluCode><Title>כללי</Title><CompAmount>25</CompAmount><CompCashDiscount>0</CompCashDiscount><CompDiscount>0</CompDiscount><CodeFlag>1</CodeFlag><StockAmount>1</StockAmount><DiscountType>0</DiscountType><SecondDiscFlag>0</SecondDiscFlag><SecondFreeFlag>0</SecondFreeFlag><OtherDiscountFlag>0</OtherDiscountFlag><ClubDiscount>0</ClubDiscount><AmountPercentDiscount>0</AmountPercentDiscount><DepartmentFlag>0</DepartmentFlag><DepartmentNum>0</DepartmentNum><WeigthFlag>0</WeigthFlag><WeightQty>1</WeightQty></Component></Components><Payments><Payment ID=""><PaymID>1</PaymID><CashSum>25</CashSum><ChequeSum>0.00</ChequeSum><FullData>0</FullData><ChequeNumber></ChequeNumber><PayDate></PayDate><BankNo>0</BankNo><BankDeptNo>0</BankDeptNo><BankCntNo></BankCntNo><CouponSum>0.00</CouponSum><CouponNumber>0</CouponNumber><FrnCurrSum>0.00</FrnCurrSum><CurrencyID>0</CurrencyID><IsInShekels>0</IsInShekels><CreditCardSum>0.00</CreditCardSum><FirstPayment>0.00</FirstPayment><OtherPayment>0.00</OtherPayment><CardNum></CardNum><ExpDate>0</ExpDate><CreditTerms>0</CreditTerms><CompanyNum>0</CompanyNum><NumPayments>0</NumPayments><TranCode>0</TranCode><TranType>0</TranType><AuthorizCode>0</AuthorizCode><Currency>0</Currency><AuthorizNo>0</AuthorizNo><Deposited>0</Deposited><Track2></Track2><Track2Len>0</Track2Len><FileNum>0</FileNum><CTransCount>0</CTransCount><ComReason>0</ComReason><CochavAmount>0.00</CochavAmount><ClubCode>0</ClubCode><HakafaSum>0.00</HakafaSum><CustID>0</CustID><IsRefundVoucher>0</IsRefundVoucher><IsChangingVoucher>0</IsChangingVoucher></Payment></Payments></Transaction><Transaction ID="" Terminal="1241" ChnNum="4900027"><TranNum>17270</TranNum><JournalNum>490</JournalNum><TranAmount>10</TranAmount><TranDiscount>0</TranDiscount><TranCashDiscount>0</TranCashDiscount><tChange>0</tChange><TranDate>2013-09-08</TranDate><TranTime>19:06:09</TranTime><IsRefund>0</IsRefund><IsDebtPayment>1</IsDebtPayment><CashierFlag>1</CashierFlag><CashierNum>1</CashierNum><AmountDiscountType>0</AmountDiscountType><ClubDealFlag>0</ClubDealFlag><CustID>0</CustID><AmountDiscountPercent>0</AmountDiscountPercent><RefundMode>0</RefundMode><Components><Component ID=""><PluCode>1</PluCode><Title>כללי</Title><CompAmount>10</CompAmount><CompCashDiscount>0</CompCashDiscount><CompDiscount>0</CompDiscount><CodeFlag>1</CodeFlag><StockAmount>1</StockAmount><DiscountType>0</DiscountType><SecondDiscFlag>0</SecondDiscFlag><SecondFreeFlag>0</SecondFreeFlag><OtherDiscountFlag>0</OtherDiscountFlag><ClubDiscount>0</ClubDiscount><AmountPercentDiscount>0</AmountPercentDiscount><DepartmentFlag>0</DepartmentFlag><DepartmentNum>0</DepartmentNum><WeigthFlag>0</WeigthFlag><WeightQty>1</WeightQty></Component></Components><Payments><Payment ID=""><PaymID>1</PaymID><CashSum>10</CashSum><ChequeSum>0.00</ChequeSum><FullData>0</FullData><ChequeNumber></ChequeNumber><PayDate></PayDate><BankNo>0</BankNo><BankDeptNo>0</BankDeptNo><BankCntNo></BankCntNo><CouponSum>0.00</CouponSum><CouponNumber>0</CouponNumber><FrnCurrSum>0.00</FrnCurrSum><CurrencyID>0</CurrencyID><IsInShekels>0</IsInShekels><CreditCardSum>0.00</CreditCardSum><FirstPayment>0.00</FirstPayment><OtherPayment>0.00</OtherPayment><CardNum></CardNum><ExpDate>0</ExpDate><CreditTerms>0</CreditTerms><CompanyNum>0</CompanyNum><NumPayments>0</NumPayments><TranCode>0</TranCode><TranType>0</TranType><AuthorizCode>0</AuthorizCode><Currency>0</Currency><AuthorizNo>0</AuthorizNo><Deposited>0</Deposited><Track2></Track2><Track2Len>0</Track2Len><FileNum>0</FileNum><CTransCount>0</CTransCount><ComReason>0</ComReason><CochavAmount>0.00</CochavAmount><ClubCode>0</ClubCode><HakafaSum>0.00</HakafaSum><CustID>0</CustID><IsRefundVoucher>0</IsRefundVoucher><IsChangingVoucher>0</IsChangingVoucher></Payment></Payments></Transaction><Transaction ID="" Terminal="1241" ChnNum="4900028"><TranNum>17271</TranNum><JournalNum>490</JournalNum><TranAmount>3</TranAmount><TranDiscount>0</TranDiscount><TranCashDiscount>0</TranCashDiscount><tChange>0</tChange><TranDate>2013-09-08</TranDate><TranTime>19:20:48</TranTime><IsRefund>0</IsRefund><IsDebtPayment>1</IsDebtPayment><CashierFlag>1</CashierFlag><CashierNum>1</CashierNum><AmountDiscountType>0</AmountDiscountType><ClubDealFlag>0</ClubDealFlag><CustID>0</CustID><AmountDiscountPercent>0</AmountDiscountPercent><RefundMode>0</RefundMode><Components><Component ID=""><PluCode>1</PluCode><Title>כללי</Title><CompAmount>3</CompAmount><CompCashDiscount>0</CompCashDiscount><CompDiscount>0</CompDiscount><CodeFlag>1</CodeFlag><StockAmount>1</StockAmount><DiscountType>0</DiscountType><SecondDiscFlag>0</SecondDiscFlag><SecondFreeFlag>0</SecondFreeFlag><OtherDiscountFlag>0</OtherDiscountFlag><ClubDiscount>0</ClubDiscount><AmountPercentDiscount>0</AmountPercentDiscount><DepartmentFlag>0</DepartmentFlag><DepartmentNum>0</DepartmentNum><WeigthFlag>0</WeigthFlag><WeightQty>1</WeightQty></Component></Components><Payments><Payment ID=""><PaymID>1</PaymID><CashSum>3</CashSum><ChequeSum>0.00</ChequeSum><FullData>0</FullData><ChequeNumber></ChequeNumber><PayDate></PayDate><BankNo>0</BankNo><BankDeptNo>0</BankDeptNo><BankCntNo></BankCntNo><CouponSum>0.00</CouponSum><CouponNumber>0</CouponNumber><FrnCurrSum>0.00</FrnCurrSum><CurrencyID>0</CurrencyID><IsInShekels>0</IsInShekels><CreditCardSum>0.00</CreditCardSum><FirstPayment>0.00</FirstPayment><OtherPayment>0.00</OtherPayment><CardNum></CardNum><ExpDate>0</ExpDate><CreditTerms>0</CreditTerms><CompanyNum>0</CompanyNum><NumPayments>0</NumPayments><TranCode>0</TranCode><TranType>0</TranType><AuthorizCode>0</AuthorizCode><Currency>0</Currency><AuthorizNo>0</AuthorizNo><Deposited>0</Deposited><Track2></Track2><Track2Len>0</Track2Len><FileNum>0</FileNum><CTransCount>0</CTransCount><ComReason>0</ComReason><CochavAmount>0.00</CochavAmount><ClubCode>0</ClubCode><HakafaSum>0.00</HakafaSum><CustID>0</CustID><IsRefundVoucher>0</IsRefundVoucher><IsChangingVoucher>0</IsChangingVoucher></Payment></Payments></Transaction><Transaction ID="" Terminal="1241" ChnNum="4900029"><TranNum>17272</TranNum><JournalNum>490</JournalNum><TranAmount>19.5</TranAmount><TranDiscount>0</TranDiscount><TranCashDiscount>0</TranCashDiscount><tChange>0</tChange><TranDate>2013-09-08</TranDate><TranTime>19:26:28</TranTime><IsRefund>0</IsRefund><IsDebtPayment>1</IsDebtPayment><CashierFlag>1</CashierFlag><CashierNum>1</CashierNum><AmountDiscountType>0</AmountDiscountType><ClubDealFlag>0</ClubDealFlag><CustID>0</CustID><AmountDiscountPercent>0</AmountDiscountPercent><RefundMode>0</RefundMode><Components><Component ID=""><PluCode>1</PluCode><Title>כללי</Title><CompAmount>19.5</CompAmount><CompCashDiscount>0</CompCashDiscount><CompDiscount>0</CompDiscount><CodeFlag>1</CodeFlag><StockAmount>1</StockAmount><DiscountType>0</DiscountType><SecondDiscFlag>0</SecondDiscFlag><SecondFreeFlag>0</SecondFreeFlag><OtherDiscountFlag>0</OtherDiscountFlag><ClubDiscount>0</ClubDiscount><AmountPercentDiscount>0</AmountPercentDiscount><DepartmentFlag>0</DepartmentFlag><DepartmentNum>0</DepartmentNum><WeigthFlag>0</WeigthFlag><WeightQty>1</WeightQty></Component></Components><Payments><Payment ID=""><PaymID>1</PaymID><CashSum>19.5</CashSum><ChequeSum>0.00</ChequeSum><FullData>0</FullData><ChequeNumber></ChequeNumber><PayDate></PayDate><BankNo>0</BankNo><BankDeptNo>0</BankDeptNo><BankCntNo></BankCntNo><CouponSum>0.00</CouponSum><CouponNumber>0</CouponNumber><FrnCurrSum>0.00</FrnCurrSum><CurrencyID>0</CurrencyID><IsInShekels>0</IsInShekels><CreditCardSum>0.00</CreditCardSum><FirstPayment>0.00</FirstPayment><OtherPayment>0.00</OtherPayment><CardNum></CardNum><ExpDate>0</ExpDate><CreditTerms>0</CreditTerms><CompanyNum>0</CompanyNum><NumPayments>0</NumPayments><TranCode>0</TranCode><TranType>0</TranType><AuthorizCode>0</AuthorizCode><Currency>0</Currency><AuthorizNo>0</AuthorizNo><Deposited>0</Deposited><Track2></Track2><Track2Len>0</Track2Len><FileNum>0</FileNum><CTransCount>0</CTransCount><ComReason>0</ComReason><CochavAmount>0.00</CochavAmount><ClubCode>0</ClubCode><HakafaSum>0.00</HakafaSum><CustID>0</CustID><IsRefundVoucher>0</IsRefundVoucher><IsChangingVoucher>0</IsChangingVoucher></Payment></Payments></Transaction></Transactions>