<?xml version="1.0" encoding="utf-8"?><Transactions><Transaction ID="" Terminal="1241" ChnNum="4300001"><TranNum>15527</TranNum><JournalNum>430</JournalNum><TranAmount>5</TranAmount><TranDiscount>0</TranDiscount><TranCashDiscount>0</TranCashDiscount><tChange>0</tChange><TranDate>2013-06-30</TranDate><TranTime>09:08:28</TranTime><IsRefund>0</IsRefund><IsDebtPayment>1</IsDebtPayment><CashierFlag>1</CashierFlag><CashierNum>1</CashierNum><AmountDiscountType>0</AmountDiscountType><ClubDealFlag>0</ClubDealFlag><CustID>0</CustID><AmountDiscountPercent>0</AmountDiscountPercent><RefundMode>0</RefundMode><Components><Component ID=""><PluCode>1</PluCode><Title>שכפול מפתחות</Title><CompAmount>5</CompAmount><CompCashDiscount>0</CompCashDiscount><CompDiscount>0</CompDiscount><CodeFlag>1</CodeFlag><StockAmount>1</StockAmount><DiscountType>0</DiscountType><SecondDiscFlag>0</SecondDiscFlag><SecondFreeFlag>0</SecondFreeFlag><OtherDiscountFlag>0</OtherDiscountFlag><ClubDiscount>0</ClubDiscount><AmountPercentDiscount>0</AmountPercentDiscount><DepartmentFlag>0</DepartmentFlag><DepartmentNum>0</DepartmentNum><WeigthFlag>0</WeigthFlag><WeightQty>1</WeightQty></Component></Components><Payments><Payment ID=""><PaymID>1</PaymID><CashSum>5</CashSum><ChequeSum>0.00</ChequeSum><FullData>0</FullData><ChequeNumber></ChequeNumber><PayDate></PayDate><BankNo>0</BankNo><BankDeptNo>0</BankDeptNo><BankCntNo></BankCntNo><CouponSum>0.00</CouponSum><CouponNumber>0</CouponNumber><FrnCurrSum>0.00</FrnCurrSum><CurrencyID>0</CurrencyID><IsInShekels>0</IsInShekels><CreditCardSum>0.00</CreditCardSum><FirstPayment>0.00</FirstPayment><OtherPayment>0.00</OtherPayment><CardNum></CardNum><ExpDate>0</ExpDate><CreditTerms>0</CreditTerms><CompanyNum>0</CompanyNum><NumPayments>0</NumPayments><TranCode>0</TranCode><TranType>0</TranType><AuthorizCode>0</AuthorizCode><Currency>0</Currency><AuthorizNo>0</AuthorizNo><Deposited>0</Deposited><Track2></Track2><Track2Len>0</Track2Len><FileNum>0</FileNum><CTransCount>0</CTransCount><ComReason>0</ComReason><CochavAmount>0.00</CochavAmount><ClubCode>0</ClubCode><HakafaSum>0.00</HakafaSum><CustID>0</CustID><IsRefundVoucher>0</IsRefundVoucher><IsChangingVoucher>0</IsChangingVoucher></Payment></Payments></Transaction><Transaction ID="" Terminal="1241" ChnNum="4300002"><TranNum>15528</TranNum><JournalNum>430</JournalNum><TranAmount>60</TranAmount><TranDiscount>0</TranDiscount><TranCashDiscount>0</TranCashDiscount><tChange>0</tChange><TranDate>2013-06-30</TranDate><TranTime>09:19:14</TranTime><IsRefund>0</IsRefund><IsDebtPayment>1</IsDebtPayment><CashierFlag>1</CashierFlag><CashierNum>1</CashierNum><AmountDiscountType>0</AmountDiscountType><ClubDealFlag>0</ClubDealFlag><CustID>0</CustID><AmountDiscountPercent>0</AmountDiscountPercent><RefundMode>0</RefundMode><Components><Component ID=""><PluCode>7290104952456</PluCode><Title>פוליסיד טמבור 5 ליטר</Title><CompAmount>60</CompAmount><CompCashDiscount>0</CompCashDiscount><CompDiscount>0</CompDiscount><CodeFlag>1</CodeFlag><StockAmount>1</StockAmount><DiscountType>0</DiscountType><SecondDiscFlag>0</SecondDiscFlag><SecondFreeFlag>0</SecondFreeFlag><OtherDiscountFlag>0</OtherDiscountFlag><ClubDiscount>0</ClubDiscount><AmountPercentDiscount>0</AmountPercentDiscount><DepartmentFlag>0</DepartmentFlag><DepartmentNum>0</DepartmentNum><WeigthFlag>0</WeigthFlag><WeightQty>1</WeightQty></Component></Components><Payments><Payment ID=""><PaymID>1</PaymID><CashSum>60</CashSum><ChequeSum>0.00</ChequeSum><FullData>0</FullData><ChequeNumber></ChequeNumber><PayDate></PayDate><BankNo>0</BankNo><BankDeptNo>0</BankDeptNo><BankCntNo></BankCntNo><CouponSum>0.00</CouponSum><CouponNumber>0</CouponNumber><FrnCurrSum>0.00</FrnCurrSum><CurrencyID>0</CurrencyID><IsInShekels>0</IsInShekels><CreditCardSum>0.00</CreditCardSum><FirstPayment>0.00</FirstPayment><OtherPayment>0.00</OtherPayment><CardNum></CardNum><ExpDate>0</ExpDate><CreditTerms>0</CreditTerms><CompanyNum>0</CompanyNum><NumPayments>0</NumPayments><TranCode>0</TranCode><TranType>0</TranType><AuthorizCode>0</AuthorizCode><Currency>0</Currency><AuthorizNo>0</AuthorizNo><Deposited>0</Deposited><Track2></Track2><Track2Len>0</Track2Len><FileNum>0</FileNum><CTransCount>0</CTransCount><ComReason>0</ComReason><CochavAmount>0.00</CochavAmount><ClubCode>0</ClubCode><HakafaSum>0.00</HakafaSum><CustID>0</CustID><IsRefundVoucher>0</IsRefundVoucher><IsChangingVoucher>0</IsChangingVoucher></Payment></Payments></Transaction><Transaction ID="" Terminal="1241" ChnNum="4300003"><TranNum>15529</TranNum><JournalNum>430</JournalNum><TranAmount>3</TranAmount><TranDiscount>0</TranDiscount><TranCashDiscount>0</TranCashDiscount><tChange>0</tChange><TranDate>2013-06-30</TranDate><TranTime>09:31:05</TranTime><IsRefund>0</IsRefund><IsDebtPayment>1</IsDebtPayment><CashierFlag>1</CashierFlag><CashierNum>1</CashierNum><AmountDiscountType>0</AmountDiscountType><ClubDealFlag>0</ClubDealFlag><CustID>0</CustID><AmountDiscountPercent>0</AmountDiscountPercent><RefundMode>0</RefundMode><Components><Component ID=""><PluCode>1</PluCode><Title>כללי</Title><CompAmount>3</CompAmount><CompCashDiscount>0</CompCashDiscount><CompDiscount>0</CompDiscount><CodeFlag>1</CodeFlag><StockAmount>1</StockAmount><DiscountType>0</DiscountType><SecondDiscFlag>0</SecondDiscFlag><SecondFreeFlag>0</SecondFreeFlag><OtherDiscountFlag>0</OtherDiscountFlag><ClubDiscount>0</ClubDiscount><AmountPercentDiscount>0</AmountPercentDiscount><DepartmentFlag>0</DepartmentFlag><DepartmentNum>0</DepartmentNum><WeigthFlag>0</WeigthFlag><WeightQty>1</WeightQty></Component></Components><Payments><Payment ID=""><PaymID>1</PaymID><CashSum>3</CashSum><ChequeSum>0.00</ChequeSum><FullData>0</FullData><ChequeNumber></ChequeNumber><PayDate></PayDate><BankNo>0</BankNo><BankDeptNo>0</BankDeptNo><BankCntNo></BankCntNo><CouponSum>0.00</CouponSum><CouponNumber>0</CouponNumber><FrnCurrSum>0.00</FrnCurrSum><CurrencyID>0</CurrencyID><IsInShekels>0</IsInShekels><CreditCardSum>0.00</CreditCardSum><FirstPayment>0.00</FirstPayment><OtherPayment>0.00</OtherPayment><CardNum></CardNum><ExpDate>0</ExpDate><CreditTerms>0</CreditTerms><CompanyNum>0</CompanyNum><NumPayments>0</NumPayments><TranCode>0</TranCode><TranType>0</TranType><AuthorizCode>0</AuthorizCode><Currency>0</Currency><AuthorizNo>0</AuthorizNo><Deposited>0</Deposited><Track2></Track2><Track2Len>0</Track2Len><FileNum>0</FileNum><CTransCount>0</CTransCount><ComReason>0</ComReason><CochavAmount>0.00</CochavAmount><ClubCode>0</ClubCode><HakafaSum>0.00</HakafaSum><CustID>0</CustID><IsRefundVoucher>0</IsRefundVoucher><IsChangingVoucher>0</IsChangingVoucher></Payment></Payments></Transaction><Transaction ID="" Terminal="1241" ChnNum="4300004"><TranNum>15530</TranNum><JournalNum>430</JournalNum><TranAmount>38.2</TranAmount><TranDiscount>0</TranDiscount><TranCashDiscount>0</TranCashDiscount><tChange>0</tChange><TranDate>2013-06-30</TranDate><TranTime>09:33:29</TranTime><IsRefund>0</IsRefund><IsDebtPayment>1</IsDebtPayment><CashierFlag>1</CashierFlag><CashierNum>1</CashierNum><AmountDiscountType>0</AmountDiscountType><ClubDealFlag>0</ClubDealFlag><CustID>0</CustID><AmountDiscountPercent>0</AmountDiscountPercent><RefundMode>0</RefundMode><Components><Component ID=""><PluCode>1231</PluCode><Title>זווית חיזוק 70*70*50</Title><CompAmount>9.9</CompAmount><CompCashDiscount>0</CompCashDiscount><CompDiscount>0</CompDiscount><CodeFlag>1</CodeFlag><StockAmount>2</StockAmount><DiscountType>0</DiscountType><SecondDiscFlag>0</SecondDiscFlag><SecondFreeFlag>0</SecondFreeFlag><OtherDiscountFlag>0</OtherDiscountFlag><ClubDiscount>0</ClubDiscount><AmountPercentDiscount>0</AmountPercentDiscount><DepartmentFlag>0</DepartmentFlag><DepartmentNum>0</DepartmentNum><WeigthFlag>0</WeigthFlag><WeightQty>2</WeightQty></Component><Component ID=""><PluCode>1</PluCode><Title>כללי</Title><CompAmount>7</CompAmount><CompCashDiscount>0</CompCashDiscount><CompDiscount>0</CompDiscount><CodeFlag>1</CodeFlag><StockAmount>1</StockAmount><DiscountType>0</DiscountType><SecondDiscFlag>0</SecondDiscFlag><SecondFreeFlag>0</SecondFreeFlag><OtherDiscountFlag>0</OtherDiscountFlag><ClubDiscount>0</ClubDiscount><AmountPercentDiscount>0</AmountPercentDiscount><DepartmentFlag>0</DepartmentFlag><DepartmentNum>0</DepartmentNum><WeigthFlag>0</WeigthFlag><WeightQty>1</WeightQty></Component><Component ID=""><PluCode>1</PluCode><Title>כללי</Title><CompAmount>2.4</CompAmount><CompCashDiscount>0</CompCashDiscount><CompDiscount>0</CompDiscount><CodeFlag>1</CodeFlag><StockAmount>1</StockAmount><DiscountType>0</DiscountType><SecondDiscFlag>0</SecondDiscFlag><SecondFreeFlag>0</SecondFreeFlag><OtherDiscountFlag>0</OtherDiscountFlag><ClubDiscount>0</ClubDiscount><AmountPercentDiscount>0</AmountPercentDiscount><DepartmentFlag>0</DepartmentFlag><DepartmentNum>0</DepartmentNum><WeigthFlag>0</WeigthFlag><WeightQty>1</WeightQty></Component><Component ID=""><PluCode>1</PluCode><Title>כללי</Title><CompAmount>9</CompAmount><CompCashDiscount>0</CompCashDiscount><CompDiscount>0</CompDiscount><CodeFlag>1</CodeFlag><StockAmount>1</StockAmount><DiscountType>0</DiscountType><SecondDiscFlag>0</SecondDiscFlag><SecondFreeFlag>0</SecondFreeFlag><OtherDiscountFlag>0</OtherDiscountFlag><ClubDiscount>0</ClubDiscount><AmountPercentDiscount>0</AmountPercentDiscount><DepartmentFlag>0</DepartmentFlag><DepartmentNum>0</DepartmentNum><WeigthFlag>0</WeigthFlag><WeightQty>1</WeightQty></Component></Components><Payments><Payment ID=""><PaymID>1</PaymID><CashSum>38.2</CashSum><ChequeSum>0.00</ChequeSum><FullData>0</FullData><ChequeNumber></ChequeNumber><PayDate></PayDate><BankNo>0</BankNo><BankDeptNo>0</BankDeptNo><BankCntNo></BankCntNo><CouponSum>0.00</CouponSum><CouponNumber>0</CouponNumber><FrnCurrSum>0.00</FrnCurrSum><CurrencyID>0</CurrencyID><IsInShekels>0</IsInShekels><CreditCardSum>0.00</CreditCardSum><FirstPayment>0.00</FirstPayment><OtherPayment>0.00</OtherPayment><CardNum></CardNum><ExpDate>0</ExpDate><CreditTerms>0</CreditTerms><CompanyNum>0</CompanyNum><NumPayments>0</NumPayments><TranCode>0</TranCode><TranType>0</TranType><AuthorizCode>0</AuthorizCode><Currency>0</Currency><AuthorizNo>0</AuthorizNo><Deposited>0</Deposited><Track2></Track2><Track2Len>0</Track2Len><FileNum>0</FileNum><CTransCount>0</CTransCount><ComReason>0</ComReason><CochavAmount>0.00</CochavAmount><ClubCode>0</ClubCode><HakafaSum>0.00</HakafaSum><CustID>0</CustID><IsRefundVoucher>0</IsRefundVoucher><IsChangingVoucher>0</IsChangingVoucher></Payment></Payments></Transaction><Transaction ID="" Terminal="1241" ChnNum="4300005"><TranNum>15531</TranNum><JournalNum>430</JournalNum><TranAmount>92</TranAmount><TranDiscount>0</TranDiscount><TranCashDiscount>0</TranCashDiscount><tChange>0</tChange><TranDate>2013-06-30</TranDate><TranTime>09:38:19</TranTime><IsRefund>0</IsRefund><IsDebtPayment>1</IsDebtPayment><CashierFlag>1</CashierFlag><CashierNum>1</CashierNum><AmountDiscountType>0</AmountDiscountType><ClubDealFlag>0</ClubDealFlag><CustID>0</CustID><AmountDiscountPercent>0</AmountDiscountPercent><RefundMode>0</RefundMode><Components><Component ID=""><PluCode>1</PluCode><Title>צבע</Title><CompAmount>92</CompAmount><CompCashDiscount>0</CompCashDiscount><CompDiscount>0</CompDiscount><CodeFlag>1</CodeFlag><StockAmount>1</StockAmount><DiscountType>0</DiscountType><SecondDiscFlag>0</SecondDiscFlag><SecondFreeFlag>0</SecondFreeFlag><OtherDiscountFlag>0</OtherDiscountFlag><ClubDiscount>0</ClubDiscount><AmountPercentDiscount>0</AmountPercentDiscount><DepartmentFlag>0</DepartmentFlag><DepartmentNum>0</DepartmentNum><WeigthFlag>0</WeigthFlag><WeightQty>1</WeightQty></Component></Components><Payments><Payment ID=""><PaymID>1</PaymID><CashSum>92</CashSum><ChequeSum>0.00</ChequeSum><FullData>0</FullData><ChequeNumber></ChequeNumber><PayDate></PayDate><BankNo>0</BankNo><BankDeptNo>0</BankDeptNo><BankCntNo></BankCntNo><CouponSum>0.00</CouponSum><CouponNumber>0</CouponNumber><FrnCurrSum>0.00</FrnCurrSum><CurrencyID>0</CurrencyID><IsInShekels>0</IsInShekels><CreditCardSum>0.00</CreditCardSum><FirstPayment>0.00</FirstPayment><OtherPayment>0.00</OtherPayment><CardNum></CardNum><ExpDate>0</ExpDate><CreditTerms>0</CreditTerms><CompanyNum>0</CompanyNum><NumPayments>0</NumPayments><TranCode>0</TranCode><TranType>0</TranType><AuthorizCode>0</AuthorizCode><Currency>0</Currency><AuthorizNo>0</AuthorizNo><Deposited>0</Deposited><Track2></Track2><Track2Len>0</Track2Len><FileNum>0</FileNum><CTransCount>0</CTransCount><ComReason>0</ComReason><CochavAmount>0.00</CochavAmount><ClubCode>0</ClubCode><HakafaSum>0.00</HakafaSum><CustID>0</CustID><IsRefundVoucher>0</IsRefundVoucher><IsChangingVoucher>0</IsChangingVoucher></Payment></Payments></Transaction><Transaction ID="" Terminal="1241" ChnNum="4300006"><TranNum>15532</TranNum><JournalNum>430</JournalNum><TranAmount>10</TranAmount><TranDiscount>0</TranDiscount><TranCashDiscount>0</TranCashDiscount><tChange>0</tChange><TranDate>2013-06-30</TranDate><TranTime>09:51:55</TranTime><IsRefund>0</IsRefund><IsDebtPayment>1</IsDebtPayment><CashierFlag>1</CashierFlag><CashierNum>1</CashierNum><AmountDiscountType>0</AmountDiscountType><ClubDealFlag>0</ClubDealFlag><CustID>0</CustID><AmountDiscountPercent>0</AmountDiscountPercent><RefundMode>0</RefundMode><Components><Component ID=""><PluCode>1</PluCode><Title>כללי</Title><CompAmount>10</CompAmount><CompCashDiscount>0</CompCashDiscount><CompDiscount>0</CompDiscount><CodeFlag>1</CodeFlag><StockAmount>1</StockAmount><DiscountType>0</DiscountType><SecondDiscFlag>0</SecondDiscFlag><SecondFreeFlag>0</SecondFreeFlag><OtherDiscountFlag>0</OtherDiscountFlag><ClubDiscount>0</ClubDiscount><AmountPercentDiscount>0</AmountPercentDiscount><DepartmentFlag>0</DepartmentFlag><DepartmentNum>0</DepartmentNum><WeigthFlag>0</WeigthFlag><WeightQty>1</WeightQty></Component></Components><Payments><Payment ID=""><PaymID>1</PaymID><CashSum>10</CashSum><ChequeSum>0.00</ChequeSum><FullData>0</FullData><ChequeNumber></ChequeNumber><PayDate></PayDate><BankNo>0</BankNo><BankDeptNo>0</BankDeptNo><BankCntNo></BankCntNo><CouponSum>0.00</CouponSum><CouponNumber>0</CouponNumber><FrnCurrSum>0.00</FrnCurrSum><CurrencyID>0</CurrencyID><IsInShekels>0</IsInShekels><CreditCardSum>0.00</CreditCardSum><FirstPayment>0.00</FirstPayment><OtherPayment>0.00</OtherPayment><CardNum></CardNum><ExpDate>0</ExpDate><CreditTerms>0</CreditTerms><CompanyNum>0</CompanyNum><NumPayments>0</NumPayments><TranCode>0</TranCode><TranType>0</TranType><AuthorizCode>0</AuthorizCode><Currency>0</Currency><AuthorizNo>0</AuthorizNo><Deposited>0</Deposited><Track2></Track2><Track2Len>0</Track2Len><FileNum>0</FileNum><CTransCount>0</CTransCount><ComReason>0</ComReason><CochavAmount>0.00</CochavAmount><ClubCode>0</ClubCode><HakafaSum>0.00</HakafaSum><CustID>0</CustID><IsRefundVoucher>0</IsRefundVoucher><IsChangingVoucher>0</IsChangingVoucher></Payment></Payments></Transaction><Transaction ID="" Terminal="1241" ChnNum="4300007"><TranNum>15533</TranNum><JournalNum>430</JournalNum><TranAmount>20</TranAmount><TranDiscount>0</TranDiscount><TranCashDiscount>0</TranCashDiscount><tChange>0</tChange><TranDate>2013-06-30</TranDate><TranTime>10:31:33</TranTime><IsRefund>0</IsRefund><IsDebtPayment>1</IsDebtPayment><CashierFlag>1</CashierFlag><CashierNum>1</CashierNum><AmountDiscountType>0</AmountDiscountType><ClubDealFlag>0</ClubDealFlag><CustID>0</CustID><AmountDiscountPercent>0</AmountDiscountPercent><RefundMode>0</RefundMode><Components><Component ID=""><PluCode>1</PluCode><Title>כללי</Title><CompAmount>20</CompAmount><CompCashDiscount>0</CompCashDiscount><CompDiscount>0</CompDiscount><CodeFlag>1</CodeFlag><StockAmount>1</StockAmount><DiscountType>0</DiscountType><SecondDiscFlag>0</SecondDiscFlag><SecondFreeFlag>0</SecondFreeFlag><OtherDiscountFlag>0</OtherDiscountFlag><ClubDiscount>0</ClubDiscount><AmountPercentDiscount>0</AmountPercentDiscount><DepartmentFlag>0</DepartmentFlag><DepartmentNum>0</DepartmentNum><WeigthFlag>0</WeigthFlag><WeightQty>1</WeightQty></Component></Components><Payments><Payment ID=""><PaymID>1</PaymID><CashSum>20</CashSum><ChequeSum>0.00</ChequeSum><FullData>0</FullData><ChequeNumber></ChequeNumber><PayDate></PayDate><BankNo>0</BankNo><BankDeptNo>0</BankDeptNo><BankCntNo></BankCntNo><CouponSum>0.00</CouponSum><CouponNumber>0</CouponNumber><FrnCurrSum>0.00</FrnCurrSum><CurrencyID>0</CurrencyID><IsInShekels>0</IsInShekels><CreditCardSum>0.00</CreditCardSum><FirstPayment>0.00</FirstPayment><OtherPayment>0.00</OtherPayment><CardNum></CardNum><ExpDate>0</ExpDate><CreditTerms>0</CreditTerms><CompanyNum>0</CompanyNum><NumPayments>0</NumPayments><TranCode>0</TranCode><TranType>0</TranType><AuthorizCode>0</AuthorizCode><Currency>0</Currency><AuthorizNo>0</AuthorizNo><Deposited>0</Deposited><Track2></Track2><Track2Len>0</Track2Len><FileNum>0</FileNum><CTransCount>0</CTransCount><ComReason>0</ComReason><CochavAmount>0.00</CochavAmount><ClubCode>0</ClubCode><HakafaSum>0.00</HakafaSum><CustID>0</CustID><IsRefundVoucher>0</IsRefundVoucher><IsChangingVoucher>0</IsChangingVoucher></Payment></Payments></Transaction><Transaction ID="" Terminal="1241" ChnNum="4300008"><TranNum>15534</TranNum><JournalNum>430</JournalNum><TranAmount>44</TranAmount><TranDiscount>0</TranDiscount><TranCashDiscount>0</TranCashDiscount><tChange>0</tChange><TranDate>2013-06-30</TranDate><TranTime>11:04:02</TranTime><IsRefund>0</IsRefund><IsDebtPayment>1</IsDebtPayment><CashierFlag>1</CashierFlag><CashierNum>1</CashierNum><AmountDiscountType>0</AmountDiscountType><ClubDealFlag>0</ClubDealFlag><CustID>0</CustID><AmountDiscountPercent>0</AmountDiscountPercent><RefundMode>0</RefundMode><Components><Component ID=""><PluCode>1132</PluCode><Title>ריתוק "3</Title><CompAmount>8</CompAmount><CompCashDiscount>0</CompCashDiscount><CompDiscount>0</CompDiscount><CodeFlag>1</CodeFlag><StockAmount>1</StockAmount><DiscountType>0</DiscountType><SecondDiscFlag>0</SecondDiscFlag><SecondFreeFlag>0</SecondFreeFlag><OtherDiscountFlag>0</OtherDiscountFlag><ClubDiscount>0</ClubDiscount><AmountPercentDiscount>0</AmountPercentDiscount><DepartmentFlag>0</DepartmentFlag><DepartmentNum>0</DepartmentNum><WeigthFlag>0</WeigthFlag><WeightQty>1</WeightQty></Component><Component ID=""><PluCode>8358</PluCode><Title>נוזל רצפות פרימיום 4 ל' ג'ונסון קלין</Title><CompAmount>17.5</CompAmount><CompCashDiscount>0</CompCashDiscount><CompDiscount>0</CompDiscount><CodeFlag>1</CodeFlag><StockAmount>2</StockAmount><DiscountType>0</DiscountType><SecondDiscFlag>0</SecondDiscFlag><SecondFreeFlag>0</SecondFreeFlag><OtherDiscountFlag>0</OtherDiscountFlag><ClubDiscount>0</ClubDiscount><AmountPercentDiscount>0</AmountPercentDiscount><DepartmentFlag>0</DepartmentFlag><DepartmentNum>0</DepartmentNum><WeigthFlag>0</WeigthFlag><WeightQty>2</WeightQty></Component><Component ID=""><PluCode>1</PluCode><Title>ברגים</Title><CompAmount>1</CompAmount><CompCashDiscount>0</CompCashDiscount><CompDiscount>0</CompDiscount><CodeFlag>1</CodeFlag><StockAmount>1</StockAmount><DiscountType>0</DiscountType><SecondDiscFlag>0</SecondDiscFlag><SecondFreeFlag>0</SecondFreeFlag><OtherDiscountFlag>0</OtherDiscountFlag><ClubDiscount>0</ClubDiscount><AmountPercentDiscount>0</AmountPercentDiscount><DepartmentFlag>0</DepartmentFlag><DepartmentNum>0</DepartmentNum><WeigthFlag>0</WeigthFlag><WeightQty>1</WeightQty></Component></Components><Payments><Payment ID=""><PaymID>2</PaymID><CashSum>0.00</CashSum><ChequeSum>44</ChequeSum><FullData>1</FullData><ChequeNumber>10770</ChequeNumber><PayDate>2013-06-30 11:04:06</PayDate><BankNo>12</BankNo><BankDeptNo>771</BankDeptNo><BankCntNo>382863</BankCntNo><CouponSum>0.00</CouponSum><CouponNumber>0</CouponNumber><FrnCurrSum>0.00</FrnCurrSum><CurrencyID>0</CurrencyID><IsInShekels>0</IsInShekels><CreditCardSum>0.00</CreditCardSum><FirstPayment>0.00</FirstPayment><OtherPayment>0.00</OtherPayment><CardNum></CardNum><ExpDate>0</ExpDate><CreditTerms>0</CreditTerms><CompanyNum>0</CompanyNum><NumPayments>0</NumPayments><TranCode>0</TranCode><TranType>0</TranType><AuthorizCode>0</AuthorizCode><Currency>0</Currency><AuthorizNo>0</AuthorizNo><Deposited>0</Deposited><Track2></Track2><Track2Len>0</Track2Len><FileNum>0</FileNum><CTransCount>0</CTransCount><ComReason>0</ComReason><CochavAmount>0.00</CochavAmount><ClubCode>0</ClubCode><HakafaSum>0.00</HakafaSum><CustID>0</CustID><IsRefundVoucher>0</IsRefundVoucher><IsChangingVoucher>0</IsChangingVoucher></Payment></Payments></Transaction><Transaction ID="" Terminal="1241" ChnNum="4300009"><TranNum>15535</TranNum><JournalNum>430</JournalNum><TranAmount>63</TranAmount><TranDiscount>0</TranDiscount><TranCashDiscount>0</TranCashDiscount><tChange>0</tChange><TranDate>2013-06-30</TranDate><TranTime>11:38:28</TranTime><IsRefund>0</IsRefund><IsDebtPayment>1</IsDebtPayment><CashierFlag>1</CashierFlag><CashierNum>1</CashierNum><AmountDiscountType>0</AmountDiscountType><ClubDealFlag>0</ClubDealFlag><CustID>0</CustID><AmountDiscountPercent>0</AmountDiscountPercent><RefundMode>0</RefundMode><Components><Component ID=""><PluCode>1</PluCode><Title>אינסטלציה</Title><CompAmount>63</CompAmount><CompCashDiscount>0</CompCashDiscount><CompDiscount>0</CompDiscount><CodeFlag>1</CodeFlag><StockAmount>1</StockAmount><DiscountType>0</DiscountType><SecondDiscFlag>0</SecondDiscFlag><SecondFreeFlag>0</SecondFreeFlag><OtherDiscountFlag>0</OtherDiscountFlag><ClubDiscount>0</ClubDiscount><AmountPercentDiscount>0</AmountPercentDiscount><DepartmentFlag>0</DepartmentFlag><DepartmentNum>0</DepartmentNum><WeigthFlag>0</WeigthFlag><WeightQty>1</WeightQty></Component></Components><Payments><Payment ID=""><PaymID>1</PaymID><CashSum>63</CashSum><ChequeSum>0.00</ChequeSum><FullData>0</FullData><ChequeNumber></ChequeNumber><PayDate></PayDate><BankNo>0</BankNo><BankDeptNo>0</BankDeptNo><BankCntNo></BankCntNo><CouponSum>0.00</CouponSum><CouponNumber>0</CouponNumber><FrnCurrSum>0.00</FrnCurrSum><CurrencyID>0</CurrencyID><IsInShekels>0</IsInShekels><CreditCardSum>0.00</CreditCardSum><FirstPayment>0.00</FirstPayment><OtherPayment>0.00</OtherPayment><CardNum></CardNum><ExpDate>0</ExpDate><CreditTerms>0</CreditTerms><CompanyNum>0</CompanyNum><NumPayments>0</NumPayments><TranCode>0</TranCode><TranType>0</TranType><AuthorizCode>0</AuthorizCode><Currency>0</Currency><AuthorizNo>0</AuthorizNo><Deposited>0</Deposited><Track2></Track2><Track2Len>0</Track2Len><FileNum>0</FileNum><CTransCount>0</CTransCount><ComReason>0</ComReason><CochavAmount>0.00</CochavAmount><ClubCode>0</ClubCode><HakafaSum>0.00</HakafaSum><CustID>0</CustID><IsRefundVoucher>0</IsRefundVoucher><IsChangingVoucher>0</IsChangingVoucher></Payment></Payments></Transaction><Transaction ID="" Terminal="1241" ChnNum="4300010"><TranNum>15536</TranNum><JournalNum>430</JournalNum><TranAmount>9.9</TranAmount><TranDiscount>0</TranDiscount><TranCashDiscount>0</TranCashDiscount><tChange>0</tChange><TranDate>2013-06-30</TranDate><TranTime>11:39:08</TranTime><IsRefund>0</IsRefund><IsDebtPayment>1</IsDebtPayment><CashierFlag>1</CashierFlag><CashierNum>1</CashierNum><AmountDiscountType>0</AmountDiscountType><ClubDealFlag>0</ClubDealFlag><CustID>0</CustID><AmountDiscountPercent>0</AmountDiscountPercent><RefundMode>0</RefundMode><Components><Component ID=""><PluCode>7290006335890</PluCode><Title>חומצת מלח 30% 1 ליטר</Title><CompAmount>9.9</CompAmount><CompCashDiscount>0</CompCashDiscount><CompDiscount>0</CompDiscount><CodeFlag>1</CodeFlag><StockAmount>1</StockAmount><DiscountType>0</DiscountType><SecondDiscFlag>0</SecondDiscFlag><SecondFreeFlag>0</SecondFreeFlag><OtherDiscountFlag>0</OtherDiscountFlag><ClubDiscount>0</ClubDiscount><AmountPercentDiscount>0</AmountPercentDiscount><DepartmentFlag>0</DepartmentFlag><DepartmentNum>0</DepartmentNum><WeigthFlag>0</WeigthFlag><WeightQty>1</WeightQty></Component></Components><Payments><Payment ID=""><PaymID>1</PaymID><CashSum>9.9</CashSum><ChequeSum>0.00</ChequeSum><FullData>0</FullData><ChequeNumber></ChequeNumber><PayDate></PayDate><BankNo>0</BankNo><BankDeptNo>0</BankDeptNo><BankCntNo></BankCntNo><CouponSum>0.00</CouponSum><CouponNumber>0</CouponNumber><FrnCurrSum>0.00</FrnCurrSum><CurrencyID>0</CurrencyID><IsInShekels>0</IsInShekels><CreditCardSum>0.00</CreditCardSum><FirstPayment>0.00</FirstPayment><OtherPayment>0.00</OtherPayment><CardNum></CardNum><ExpDate>0</ExpDate><CreditTerms>0</CreditTerms><CompanyNum>0</CompanyNum><NumPayments>0</NumPayments><TranCode>0</TranCode><TranType>0</TranType><AuthorizCode>0</AuthorizCode><Currency>0</Currency><AuthorizNo>0</AuthorizNo><Deposited>0</Deposited><Track2></Track2><Track2Len>0</Track2Len><FileNum>0</FileNum><CTransCount>0</CTransCount><ComReason>0</ComReason><CochavAmount>0.00</CochavAmount><ClubCode>0</ClubCode><HakafaSum>0.00</HakafaSum><CustID>0</CustID><IsRefundVoucher>0</IsRefundVoucher><IsChangingVoucher>0</IsChangingVoucher></Payment></Payments></Transaction><Transaction ID="" Terminal="1241" ChnNum="4300011"><TranNum>15537</TranNum><JournalNum>430</JournalNum><TranAmount>20</TranAmount><TranDiscount>0</TranDiscount><TranCashDiscount>0</TranCashDiscount><tChange>0</tChange><TranDate>2013-06-30</TranDate><TranTime>11:39:35</TranTime><IsRefund>0</IsRefund><IsDebtPayment>1</IsDebtPayment><CashierFlag>1</CashierFlag><CashierNum>1</CashierNum><AmountDiscountType>0</AmountDiscountType><ClubDealFlag>0</ClubDealFlag><CustID>0</CustID><AmountDiscountPercent>0</AmountDiscountPercent><RefundMode>0</RefundMode><Components><Component ID=""><PluCode>1</PluCode><Title>כללי</Title><CompAmount>20</CompAmount><CompCashDiscount>0</CompCashDiscount><CompDiscount>0</CompDiscount><CodeFlag>1</CodeFlag><StockAmount>1</StockAmount><DiscountType>0</DiscountType><SecondDiscFlag>0</SecondDiscFlag><SecondFreeFlag>0</SecondFreeFlag><OtherDiscountFlag>0</OtherDiscountFlag><ClubDiscount>0</ClubDiscount><AmountPercentDiscount>0</AmountPercentDiscount><DepartmentFlag>0</DepartmentFlag><DepartmentNum>0</DepartmentNum><WeigthFlag>0</WeigthFlag><WeightQty>1</WeightQty></Component></Components><Payments><Payment ID=""><PaymID>1</PaymID><CashSum>20</CashSum><ChequeSum>0.00</ChequeSum><FullData>0</FullData><ChequeNumber></ChequeNumber><PayDate></PayDate><BankNo>0</BankNo><BankDeptNo>0</BankDeptNo><BankCntNo></BankCntNo><CouponSum>0.00</CouponSum><CouponNumber>0</CouponNumber><FrnCurrSum>0.00</FrnCurrSum><CurrencyID>0</CurrencyID><IsInShekels>0</IsInShekels><CreditCardSum>0.00</CreditCardSum><FirstPayment>0.00</FirstPayment><OtherPayment>0.00</OtherPayment><CardNum></CardNum><ExpDate>0</ExpDate><CreditTerms>0</CreditTerms><CompanyNum>0</CompanyNum><NumPayments>0</NumPayments><TranCode>0</TranCode><TranType>0</TranType><AuthorizCode>0</AuthorizCode><Currency>0</Currency><AuthorizNo>0</AuthorizNo><Deposited>0</Deposited><Track2></Track2><Track2Len>0</Track2Len><FileNum>0</FileNum><CTransCount>0</CTransCount><ComReason>0</ComReason><CochavAmount>0.00</CochavAmount><ClubCode>0</ClubCode><HakafaSum>0.00</HakafaSum><CustID>0</CustID><IsRefundVoucher>0</IsRefundVoucher><IsChangingVoucher>0</IsChangingVoucher></Payment></Payments></Transaction><Transaction ID="" Terminal="1241" ChnNum="4300012"><TranNum>15538</TranNum><JournalNum>430</JournalNum><TranAmount>25</TranAmount><TranDiscount>0</TranDiscount><TranCashDiscount>0</TranCashDiscount><tChange>0</tChange><TranDate>2013-06-30</TranDate><TranTime>11:41:52</TranTime><IsRefund>0</IsRefund><IsDebtPayment>1</IsDebtPayment><CashierFlag>1</CashierFlag><CashierNum>1</CashierNum><AmountDiscountType>0</AmountDiscountType><ClubDealFlag>0</ClubDealFlag><CustID>0</CustID><AmountDiscountPercent>0</AmountDiscountPercent><RefundMode>0</RefundMode><Components><Component ID=""><PluCode>1</PluCode><Title>כללי</Title><CompAmount>25</CompAmount><CompCashDiscount>0</CompCashDiscount><CompDiscount>0</CompDiscount><CodeFlag>1</CodeFlag><StockAmount>1</StockAmount><DiscountType>0</DiscountType><SecondDiscFlag>0</SecondDiscFlag><SecondFreeFlag>0</SecondFreeFlag><OtherDiscountFlag>0</OtherDiscountFlag><ClubDiscount>0</ClubDiscount><AmountPercentDiscount>0</AmountPercentDiscount><DepartmentFlag>0</DepartmentFlag><DepartmentNum>0</DepartmentNum><WeigthFlag>0</WeigthFlag><WeightQty>1</WeightQty></Component></Components><Payments><Payment ID=""><PaymID>1</PaymID><CashSum>25</CashSum><ChequeSum>0.00</ChequeSum><FullData>0</FullData><ChequeNumber></ChequeNumber><PayDate></PayDate><BankNo>0</BankNo><BankDeptNo>0</BankDeptNo><BankCntNo></BankCntNo><CouponSum>0.00</CouponSum><CouponNumber>0</CouponNumber><FrnCurrSum>0.00</FrnCurrSum><CurrencyID>0</CurrencyID><IsInShekels>0</IsInShekels><CreditCardSum>0.00</CreditCardSum><FirstPayment>0.00</FirstPayment><OtherPayment>0.00</OtherPayment><CardNum></CardNum><ExpDate>0</ExpDate><CreditTerms>0</CreditTerms><CompanyNum>0</CompanyNum><NumPayments>0</NumPayments><TranCode>0</TranCode><TranType>0</TranType><AuthorizCode>0</AuthorizCode><Currency>0</Currency><AuthorizNo>0</AuthorizNo><Deposited>0</Deposited><Track2></Track2><Track2Len>0</Track2Len><FileNum>0</FileNum><CTransCount>0</CTransCount><ComReason>0</ComReason><CochavAmount>0.00</CochavAmount><ClubCode>0</ClubCode><HakafaSum>0.00</HakafaSum><CustID>0</CustID><IsRefundVoucher>0</IsRefundVoucher><IsChangingVoucher>0</IsChangingVoucher></Payment></Payments></Transaction><Transaction ID="" Terminal="1241" ChnNum="4300013"><TranNum>15539</TranNum><JournalNum>430</JournalNum><TranAmount>54</TranAmount><TranDiscount>0</TranDiscount><TranCashDiscount>0</TranCashDiscount><tChange>0</tChange><TranDate>2013-06-30</TranDate><TranTime>11:55:01</TranTime><IsRefund>0</IsRefund><IsDebtPayment>1</IsDebtPayment><CashierFlag>1</CashierFlag><CashierNum>1</CashierNum><AmountDiscountType>0</AmountDiscountType><ClubDealFlag>0</ClubDealFlag><CustID>0</CustID><AmountDiscountPercent>0</AmountDiscountPercent><RefundMode>0</RefundMode><Components><Component ID=""><PluCode>42728</PluCode><Title>דיסק יהלום לקרמיקה</Title><CompAmount>39</CompAmount><CompCashDiscount>0</CompCashDiscount><CompDiscount>0</CompDiscount><CodeFlag>1</CodeFlag><StockAmount>1</StockAmount><DiscountType>0</DiscountType><SecondDiscFlag>0</SecondDiscFlag><SecondFreeFlag>0</SecondFreeFlag><OtherDiscountFlag>0</OtherDiscountFlag><ClubDiscount>0</ClubDiscount><AmountPercentDiscount>0</AmountPercentDiscount><DepartmentFlag>0</DepartmentFlag><DepartmentNum>0</DepartmentNum><WeigthFlag>0</WeigthFlag><WeightQty>1</WeightQty></Component><Component ID=""><PluCode>13227</PluCode><Title>סרט מדידה 5 מטר 25 מ"מ</Title><CompAmount>15</CompAmount><CompCashDiscount>0</CompCashDiscount><CompDiscount>0</CompDiscount><CodeFlag>1</CodeFlag><StockAmount>1</StockAmount><DiscountType>0</DiscountType><SecondDiscFlag>0</SecondDiscFlag><SecondFreeFlag>0</SecondFreeFlag><OtherDiscountFlag>0</OtherDiscountFlag><ClubDiscount>0</ClubDiscount><AmountPercentDiscount>0</AmountPercentDiscount><DepartmentFlag>0</DepartmentFlag><DepartmentNum>0</DepartmentNum><WeigthFlag>0</WeigthFlag><WeightQty>1</WeightQty></Component></Components><Payments><Payment ID=""><PaymID>1</PaymID><CashSum>54</CashSum><ChequeSum>0.00</ChequeSum><FullData>0</FullData><ChequeNumber></ChequeNumber><PayDate></PayDate><BankNo>0</BankNo><BankDeptNo>0</BankDeptNo><BankCntNo></BankCntNo><CouponSum>0.00</CouponSum><CouponNumber>0</CouponNumber><FrnCurrSum>0.00</FrnCurrSum><CurrencyID>0</CurrencyID><IsInShekels>0</IsInShekels><CreditCardSum>0.00</CreditCardSum><FirstPayment>0.00</FirstPayment><OtherPayment>0.00</OtherPayment><CardNum></CardNum><ExpDate>0</ExpDate><CreditTerms>0</CreditTerms><CompanyNum>0</CompanyNum><NumPayments>0</NumPayments><TranCode>0</TranCode><TranType>0</TranType><AuthorizCode>0</AuthorizCode><Currency>0</Currency><AuthorizNo>0</AuthorizNo><Deposited>0</Deposited><Track2></Track2><Track2Len>0</Track2Len><FileNum>0</FileNum><CTransCount>0</CTransCount><ComReason>0</ComReason><CochavAmount>0.00</CochavAmount><ClubCode>0</ClubCode><HakafaSum>0.00</HakafaSum><CustID>0</CustID><IsRefundVoucher>0</IsRefundVoucher><IsChangingVoucher>0</IsChangingVoucher></Payment></Payments></Transaction><Transaction ID="" Terminal="1241" ChnNum="4300014"><TranNum>15540</TranNum><JournalNum>430</JournalNum><TranAmount>23</TranAmount><TranDiscount>0</TranDiscount><TranCashDiscount>0</TranCashDiscount><tChange>0</tChange><TranDate>2013-06-30</TranDate><TranTime>11:59:19</TranTime><IsRefund>0</IsRefund><IsDebtPayment>1</IsDebtPayment><CashierFlag>1</CashierFlag><CashierNum>1</CashierNum><AmountDiscountType>0</AmountDiscountType><ClubDealFlag>0</ClubDealFlag><CustID>0</CustID><AmountDiscountPercent>0</AmountDiscountPercent><RefundMode>0</RefundMode><Components><Component ID=""><PluCode>69313</PluCode><Title>מלכודת כלוב לעכבר</Title><CompAmount>23</CompAmount><CompCashDiscount>0</CompCashDiscount><CompDiscount>0</CompDiscount><CodeFlag>1</CodeFlag><StockAmount>1</StockAmount><DiscountType>0</DiscountType><SecondDiscFlag>0</SecondDiscFlag><SecondFreeFlag>0</SecondFreeFlag><OtherDiscountFlag>0</OtherDiscountFlag><ClubDiscount>0</ClubDiscount><AmountPercentDiscount>0</AmountPercentDiscount><DepartmentFlag>0</DepartmentFlag><DepartmentNum>0</DepartmentNum><WeigthFlag>0</WeigthFlag><WeightQty>1</WeightQty></Component></Components><Payments><Payment ID=""><PaymID>1</PaymID><CashSum>23</CashSum><ChequeSum>0.00</ChequeSum><FullData>0</FullData><ChequeNumber></ChequeNumber><PayDate></PayDate><BankNo>0</BankNo><BankDeptNo>0</BankDeptNo><BankCntNo></BankCntNo><CouponSum>0.00</CouponSum><CouponNumber>0</CouponNumber><FrnCurrSum>0.00</FrnCurrSum><CurrencyID>0</CurrencyID><IsInShekels>0</IsInShekels><CreditCardSum>0.00</CreditCardSum><FirstPayment>0.00</FirstPayment><OtherPayment>0.00</OtherPayment><CardNum></CardNum><ExpDate>0</ExpDate><CreditTerms>0</CreditTerms><CompanyNum>0</CompanyNum><NumPayments>0</NumPayments><TranCode>0</TranCode><TranType>0</TranType><AuthorizCode>0</AuthorizCode><Currency>0</Currency><AuthorizNo>0</AuthorizNo><Deposited>0</Deposited><Track2></Track2><Track2Len>0</Track2Len><FileNum>0</FileNum><CTransCount>0</CTransCount><ComReason>0</ComReason><CochavAmount>0.00</CochavAmount><ClubCode>0</ClubCode><HakafaSum>0.00</HakafaSum><CustID>0</CustID><IsRefundVoucher>0</IsRefundVoucher><IsChangingVoucher>0</IsChangingVoucher></Payment></Payments></Transaction><Transaction ID="" Terminal="1241" ChnNum="4300015"><TranNum>15541</TranNum><JournalNum>430</JournalNum><TranAmount>9</TranAmount><TranDiscount>0</TranDiscount><TranCashDiscount>0</TranCashDiscount><tChange>0</tChange><TranDate>2013-06-30</TranDate><TranTime>12:06:02</TranTime><IsRefund>0</IsRefund><IsDebtPayment>1</IsDebtPayment><CashierFlag>1</CashierFlag><CashierNum>1</CashierNum><AmountDiscountType>0</AmountDiscountType><ClubDealFlag>0</ClubDealFlag><CustID>0</CustID><AmountDiscountPercent>0</AmountDiscountPercent><RefundMode>0</RefundMode><Components><Component ID=""><PluCode>1</PluCode><Title>כללי</Title><CompAmount>9</CompAmount><CompCashDiscount>0</CompCashDiscount><CompDiscount>0</CompDiscount><CodeFlag>1</CodeFlag><StockAmount>1</StockAmount><DiscountType>0</DiscountType><SecondDiscFlag>0</SecondDiscFlag><SecondFreeFlag>0</SecondFreeFlag><OtherDiscountFlag>0</OtherDiscountFlag><ClubDiscount>0</ClubDiscount><AmountPercentDiscount>0</AmountPercentDiscount><DepartmentFlag>0</DepartmentFlag><DepartmentNum>0</DepartmentNum><WeigthFlag>0</WeigthFlag><WeightQty>1</WeightQty></Component></Components><Payments><Payment ID=""><PaymID>1</PaymID><CashSum>9</CashSum><ChequeSum>0.00</ChequeSum><FullData>0</FullData><ChequeNumber></ChequeNumber><PayDate></PayDate><BankNo>0</BankNo><BankDeptNo>0</BankDeptNo><BankCntNo></BankCntNo><CouponSum>0.00</CouponSum><CouponNumber>0</CouponNumber><FrnCurrSum>0.00</FrnCurrSum><CurrencyID>0</CurrencyID><IsInShekels>0</IsInShekels><CreditCardSum>0.00</CreditCardSum><FirstPayment>0.00</FirstPayment><OtherPayment>0.00</OtherPayment><CardNum></CardNum><ExpDate>0</ExpDate><CreditTerms>0</CreditTerms><CompanyNum>0</CompanyNum><NumPayments>0</NumPayments><TranCode>0</TranCode><TranType>0</TranType><AuthorizCode>0</AuthorizCode><Currency>0</Currency><AuthorizNo>0</AuthorizNo><Deposited>0</Deposited><Track2></Track2><Track2Len>0</Track2Len><FileNum>0</FileNum><CTransCount>0</CTransCount><ComReason>0</ComReason><CochavAmount>0.00</CochavAmount><ClubCode>0</ClubCode><HakafaSum>0.00</HakafaSum><CustID>0</CustID><IsRefundVoucher>0</IsRefundVoucher><IsChangingVoucher>0</IsChangingVoucher></Payment></Payments></Transaction><Transaction ID="" Terminal="1241" ChnNum="4300016"><TranNum>15542</TranNum><JournalNum>430</JournalNum><TranAmount>5</TranAmount><TranDiscount>0</TranDiscount><TranCashDiscount>0</TranCashDiscount><tChange>0</tChange><TranDate>2013-06-30</TranDate><TranTime>12:06:42</TranTime><IsRefund>0</IsRefund><IsDebtPayment>1</IsDebtPayment><CashierFlag>1</CashierFlag><CashierNum>1</CashierNum><AmountDiscountType>0</AmountDiscountType><ClubDealFlag>0</ClubDealFlag><CustID>0</CustID><AmountDiscountPercent>0</AmountDiscountPercent><RefundMode>0</RefundMode><Components><Component ID=""><PluCode>1</PluCode><Title>כללי</Title><CompAmount>5</CompAmount><CompCashDiscount>0</CompCashDiscount><CompDiscount>0</CompDiscount><CodeFlag>1</CodeFlag><StockAmount>1</StockAmount><DiscountType>0</DiscountType><SecondDiscFlag>0</SecondDiscFlag><SecondFreeFlag>0</SecondFreeFlag><OtherDiscountFlag>0</OtherDiscountFlag><ClubDiscount>0</ClubDiscount><AmountPercentDiscount>0</AmountPercentDiscount><DepartmentFlag>0</DepartmentFlag><DepartmentNum>0</DepartmentNum><WeigthFlag>0</WeigthFlag><WeightQty>1</WeightQty></Component></Components><Payments><Payment ID=""><PaymID>1</PaymID><CashSum>5</CashSum><ChequeSum>0.00</ChequeSum><FullData>0</FullData><ChequeNumber></ChequeNumber><PayDate></PayDate><BankNo>0</BankNo><BankDeptNo>0</BankDeptNo><BankCntNo></BankCntNo><CouponSum>0.00</CouponSum><CouponNumber>0</CouponNumber><FrnCurrSum>0.00</FrnCurrSum><CurrencyID>0</CurrencyID><IsInShekels>0</IsInShekels><CreditCardSum>0.00</CreditCardSum><FirstPayment>0.00</FirstPayment><OtherPayment>0.00</OtherPayment><CardNum></CardNum><ExpDate>0</ExpDate><CreditTerms>0</CreditTerms><CompanyNum>0</CompanyNum><NumPayments>0</NumPayments><TranCode>0</TranCode><TranType>0</TranType><AuthorizCode>0</AuthorizCode><Currency>0</Currency><AuthorizNo>0</AuthorizNo><Deposited>0</Deposited><Track2></Track2><Track2Len>0</Track2Len><FileNum>0</FileNum><CTransCount>0</CTransCount><ComReason>0</ComReason><CochavAmount>0.00</CochavAmount><ClubCode>0</ClubCode><HakafaSum>0.00</HakafaSum><CustID>0</CustID><IsRefundVoucher>0</IsRefundVoucher><IsChangingVoucher>0</IsChangingVoucher></Payment></Payments></Transaction><Transaction ID="" Terminal="1241" ChnNum="4300017"><TranNum>15543</TranNum><JournalNum>430</JournalNum><TranAmount>11</TranAmount><TranDiscount>0</TranDiscount><TranCashDiscount>0</TranCashDiscount><tChange>0</tChange><TranDate>2013-06-30</TranDate><TranTime>13:02:17</TranTime><IsRefund>0</IsRefund><IsDebtPayment>1</IsDebtPayment><CashierFlag>1</CashierFlag><CashierNum>1</CashierNum><AmountDiscountType>0</AmountDiscountType><ClubDealFlag>0</ClubDealFlag><CustID>0</CustID><AmountDiscountPercent>0</AmountDiscountPercent><RefundMode>0</RefundMode><Components><Component ID=""><PluCode>1</PluCode><Title>כללי</Title><CompAmount>11</CompAmount><CompCashDiscount>0</CompCashDiscount><CompDiscount>0</CompDiscount><CodeFlag>1</CodeFlag><StockAmount>1</StockAmount><DiscountType>0</DiscountType><SecondDiscFlag>0</SecondDiscFlag><SecondFreeFlag>0</SecondFreeFlag><OtherDiscountFlag>0</OtherDiscountFlag><ClubDiscount>0</ClubDiscount><AmountPercentDiscount>0</AmountPercentDiscount><DepartmentFlag>0</DepartmentFlag><DepartmentNum>0</DepartmentNum><WeigthFlag>0</WeigthFlag><WeightQty>1</WeightQty></Component></Components><Payments><Payment ID=""><PaymID>1</PaymID><CashSum>11</CashSum><ChequeSum>0.00</ChequeSum><FullData>0</FullData><ChequeNumber></ChequeNumber><PayDate></PayDate><BankNo>0</BankNo><BankDeptNo>0</BankDeptNo><BankCntNo></BankCntNo><CouponSum>0.00</CouponSum><CouponNumber>0</CouponNumber><FrnCurrSum>0.00</FrnCurrSum><CurrencyID>0</CurrencyID><IsInShekels>0</IsInShekels><CreditCardSum>0.00</CreditCardSum><FirstPayment>0.00</FirstPayment><OtherPayment>0.00</OtherPayment><CardNum></CardNum><ExpDate>0</ExpDate><CreditTerms>0</CreditTerms><CompanyNum>0</CompanyNum><NumPayments>0</NumPayments><TranCode>0</TranCode><TranType>0</TranType><AuthorizCode>0</AuthorizCode><Currency>0</Currency><AuthorizNo>0</AuthorizNo><Deposited>0</Deposited><Track2></Track2><Track2Len>0</Track2Len><FileNum>0</FileNum><CTransCount>0</CTransCount><ComReason>0</ComReason><CochavAmount>0.00</CochavAmount><ClubCode>0</ClubCode><HakafaSum>0.00</HakafaSum><CustID>0</CustID><IsRefundVoucher>0</IsRefundVoucher><IsChangingVoucher>0</IsChangingVoucher></Payment></Payments></Transaction><Transaction ID="" Terminal="1241" ChnNum="4300018"><TranNum>15544</TranNum><JournalNum>430</JournalNum><TranAmount>10</TranAmount><TranDiscount>0</TranDiscount><TranCashDiscount>0</TranCashDiscount><tChange>0</tChange><TranDate>2013-06-30</TranDate><TranTime>13:06:47</TranTime><IsRefund>0</IsRefund><IsDebtPayment>1</IsDebtPayment><CashierFlag>1</CashierFlag><CashierNum>1</CashierNum><AmountDiscountType>0</AmountDiscountType><ClubDealFlag>0</ClubDealFlag><CustID>0</CustID><AmountDiscountPercent>0</AmountDiscountPercent><RefundMode>0</RefundMode><Components><Component ID=""><PluCode>1</PluCode><Title>כללי</Title><CompAmount>10</CompAmount><CompCashDiscount>0</CompCashDiscount><CompDiscount>0</CompDiscount><CodeFlag>1</CodeFlag><StockAmount>1</StockAmount><DiscountType>0</DiscountType><SecondDiscFlag>0</SecondDiscFlag><SecondFreeFlag>0</SecondFreeFlag><OtherDiscountFlag>0</OtherDiscountFlag><ClubDiscount>0</ClubDiscount><AmountPercentDiscount>0</AmountPercentDiscount><DepartmentFlag>0</DepartmentFlag><DepartmentNum>0</DepartmentNum><WeigthFlag>0</WeigthFlag><WeightQty>1</WeightQty></Component></Components><Payments><Payment ID=""><PaymID>1</PaymID><CashSum>10</CashSum><ChequeSum>0.00</ChequeSum><FullData>0</FullData><ChequeNumber></ChequeNumber><PayDate></PayDate><BankNo>0</BankNo><BankDeptNo>0</BankDeptNo><BankCntNo></BankCntNo><CouponSum>0.00</CouponSum><CouponNumber>0</CouponNumber><FrnCurrSum>0.00</FrnCurrSum><CurrencyID>0</CurrencyID><IsInShekels>0</IsInShekels><CreditCardSum>0.00</CreditCardSum><FirstPayment>0.00</FirstPayment><OtherPayment>0.00</OtherPayment><CardNum></CardNum><ExpDate>0</ExpDate><CreditTerms>0</CreditTerms><CompanyNum>0</CompanyNum><NumPayments>0</NumPayments><TranCode>0</TranCode><TranType>0</TranType><AuthorizCode>0</AuthorizCode><Currency>0</Currency><AuthorizNo>0</AuthorizNo><Deposited>0</Deposited><Track2></Track2><Track2Len>0</Track2Len><FileNum>0</FileNum><CTransCount>0</CTransCount><ComReason>0</ComReason><CochavAmount>0.00</CochavAmount><ClubCode>0</ClubCode><HakafaSum>0.00</HakafaSum><CustID>0</CustID><IsRefundVoucher>0</IsRefundVoucher><IsChangingVoucher>0</IsChangingVoucher></Payment></Payments></Transaction><Transaction ID="" Terminal="1241" ChnNum="4300019"><TranNum>15545</TranNum><JournalNum>430</JournalNum><TranAmount>46.7</TranAmount><TranDiscount>0</TranDiscount><TranCashDiscount>0</TranCashDiscount><tChange>0</tChange><TranDate>2013-06-30</TranDate><TranTime>13:14:48</TranTime><IsRefund>0</IsRefund><IsDebtPayment>1</IsDebtPayment><CashierFlag>1</CashierFlag><CashierNum>1</CashierNum><AmountDiscountType>0</AmountDiscountType><ClubDealFlag>0</ClubDealFlag><CustID>0</CustID><AmountDiscountPercent>0</AmountDiscountPercent><RefundMode>0</RefundMode><Components><Component ID=""><PluCode>178</PluCode><Title>מנורה הלוגן OSRAM G9</Title><CompAmount>17.9</CompAmount><CompCashDiscount>0</CompCashDiscount><CompDiscount>0</CompDiscount><CodeFlag>1</CodeFlag><StockAmount>2</StockAmount><DiscountType>0</DiscountType><SecondDiscFlag>0</SecondDiscFlag><SecondFreeFlag>0</SecondFreeFlag><OtherDiscountFlag>0</OtherDiscountFlag><ClubDiscount>0</ClubDiscount><AmountPercentDiscount>0</AmountPercentDiscount><DepartmentFlag>0</DepartmentFlag><DepartmentNum>0</DepartmentNum><WeigthFlag>0</WeigthFlag><WeightQty>2</WeightQty></Component><Component ID=""><PluCode>226</PluCode><Title>צינור גמיש לניאגרה 50 ס"מ</Title><CompAmount>10.9</CompAmount><CompCashDiscount>0</CompCashDiscount><CompDiscount>0</CompDiscount><CodeFlag>1</CodeFlag><StockAmount>1</StockAmount><DiscountType>0</DiscountType><SecondDiscFlag>0</SecondDiscFlag><SecondFreeFlag>0</SecondFreeFlag><OtherDiscountFlag>0</OtherDiscountFlag><ClubDiscount>0</ClubDiscount><AmountPercentDiscount>0</AmountPercentDiscount><DepartmentFlag>0</DepartmentFlag><DepartmentNum>0</DepartmentNum><WeigthFlag>0</WeigthFlag><WeightQty>1</WeightQty></Component></Components><Payments><Payment ID=""><PaymID>1</PaymID><CashSum>46.7</CashSum><ChequeSum>0.00</ChequeSum><FullData>0</FullData><ChequeNumber></ChequeNumber><PayDate></PayDate><BankNo>0</BankNo><BankDeptNo>0</BankDeptNo><BankCntNo></BankCntNo><CouponSum>0.00</CouponSum><CouponNumber>0</CouponNumber><FrnCurrSum>0.00</FrnCurrSum><CurrencyID>0</CurrencyID><IsInShekels>0</IsInShekels><CreditCardSum>0.00</CreditCardSum><FirstPayment>0.00</FirstPayment><OtherPayment>0.00</OtherPayment><CardNum></CardNum><ExpDate>0</ExpDate><CreditTerms>0</CreditTerms><CompanyNum>0</CompanyNum><NumPayments>0</NumPayments><TranCode>0</TranCode><TranType>0</TranType><AuthorizCode>0</AuthorizCode><Currency>0</Currency><AuthorizNo>0</AuthorizNo><Deposited>0</Deposited><Track2></Track2><Track2Len>0</Track2Len><FileNum>0</FileNum><CTransCount>0</CTransCount><ComReason>0</ComReason><CochavAmount>0.00</CochavAmount><ClubCode>0</ClubCode><HakafaSum>0.00</HakafaSum><CustID>0</CustID><IsRefundVoucher>0</IsRefundVoucher><IsChangingVoucher>0</IsChangingVoucher></Payment></Payments></Transaction><Transaction ID="" Terminal="1241" ChnNum="4300020"><TranNum>15546</TranNum><JournalNum>430</JournalNum><TranAmount>76</TranAmount><TranDiscount>0</TranDiscount><TranCashDiscount>0</TranCashDiscount><tChange>0</tChange><TranDate>2013-06-30</TranDate><TranTime>13:18:36</TranTime><IsRefund>0</IsRefund><IsDebtPayment>1</IsDebtPayment><CashierFlag>1</CashierFlag><CashierNum>1</CashierNum><AmountDiscountType>0</AmountDiscountType><ClubDealFlag>0</ClubDealFlag><CustID>0</CustID><AmountDiscountPercent>0</AmountDiscountPercent><RefundMode>0</RefundMode><Components><Component ID=""><PluCode>1</PluCode><Title>תעלה + מחסה 2 מטר 60X60</Title><CompAmount>19</CompAmount><CompCashDiscount>0</CompCashDiscount><CompDiscount>0</CompDiscount><CodeFlag>1</CodeFlag><StockAmount>4</StockAmount><DiscountType>0</DiscountType><SecondDiscFlag>0</SecondDiscFlag><SecondFreeFlag>0</SecondFreeFlag><OtherDiscountFlag>0</OtherDiscountFlag><ClubDiscount>0</ClubDiscount><AmountPercentDiscount>0</AmountPercentDiscount><DepartmentFlag>0</DepartmentFlag><DepartmentNum>0</DepartmentNum><WeigthFlag>0</WeigthFlag><WeightQty>4</WeightQty></Component></Components><Payments><Payment ID=""><PaymID>1</PaymID><CashSum>76</CashSum><ChequeSum>0.00</ChequeSum><FullData>0</FullData><ChequeNumber></ChequeNumber><PayDate></PayDate><BankNo>0</BankNo><BankDeptNo>0</BankDeptNo><BankCntNo></BankCntNo><CouponSum>0.00</CouponSum><CouponNumber>0</CouponNumber><FrnCurrSum>0.00</FrnCurrSum><CurrencyID>0</CurrencyID><IsInShekels>0</IsInShekels><CreditCardSum>0.00</CreditCardSum><FirstPayment>0.00</FirstPayment><OtherPayment>0.00</OtherPayment><CardNum></CardNum><ExpDate>0</ExpDate><CreditTerms>0</CreditTerms><CompanyNum>0</CompanyNum><NumPayments>0</NumPayments><TranCode>0</TranCode><TranType>0</TranType><AuthorizCode>0</AuthorizCode><Currency>0</Currency><AuthorizNo>0</AuthorizNo><Deposited>0</Deposited><Track2></Track2><Track2Len>0</Track2Len><FileNum>0</FileNum><CTransCount>0</CTransCount><ComReason>0</ComReason><CochavAmount>0.00</CochavAmount><ClubCode>0</ClubCode><HakafaSum>0.00</HakafaSum><CustID>0</CustID><IsRefundVoucher>0</IsRefundVoucher><IsChangingVoucher>0</IsChangingVoucher></Payment></Payments></Transaction><Transaction ID="" Terminal="1241" ChnNum="4300021"><TranNum>15547</TranNum><JournalNum>430</JournalNum><TranAmount>4</TranAmount><TranDiscount>0</TranDiscount><TranCashDiscount>0</TranCashDiscount><tChange>0</tChange><TranDate>2013-06-30</TranDate><TranTime>13:41:52</TranTime><IsRefund>0</IsRefund><IsDebtPayment>1</IsDebtPayment><CashierFlag>1</CashierFlag><CashierNum>1</CashierNum><AmountDiscountType>0</AmountDiscountType><ClubDealFlag>0</ClubDealFlag><CustID>0</CustID><AmountDiscountPercent>0</AmountDiscountPercent><RefundMode>0</RefundMode><Components><Component ID=""><PluCode>1</PluCode><Title>כללי</Title><CompAmount>4</CompAmount><CompCashDiscount>0</CompCashDiscount><CompDiscount>0</CompDiscount><CodeFlag>1</CodeFlag><StockAmount>1</StockAmount><DiscountType>0</DiscountType><SecondDiscFlag>0</SecondDiscFlag><SecondFreeFlag>0</SecondFreeFlag><OtherDiscountFlag>0</OtherDiscountFlag><ClubDiscount>0</ClubDiscount><AmountPercentDiscount>0</AmountPercentDiscount><DepartmentFlag>0</DepartmentFlag><DepartmentNum>0</DepartmentNum><WeigthFlag>0</WeigthFlag><WeightQty>1</WeightQty></Component></Components><Payments><Payment ID=""><PaymID>1</PaymID><CashSum>4</CashSum><ChequeSum>0.00</ChequeSum><FullData>0</FullData><ChequeNumber></ChequeNumber><PayDate></PayDate><BankNo>0</BankNo><BankDeptNo>0</BankDeptNo><BankCntNo></BankCntNo><CouponSum>0.00</CouponSum><CouponNumber>0</CouponNumber><FrnCurrSum>0.00</FrnCurrSum><CurrencyID>0</CurrencyID><IsInShekels>0</IsInShekels><CreditCardSum>0.00</CreditCardSum><FirstPayment>0.00</FirstPayment><OtherPayment>0.00</OtherPayment><CardNum></CardNum><ExpDate>0</ExpDate><CreditTerms>0</CreditTerms><CompanyNum>0</CompanyNum><NumPayments>0</NumPayments><TranCode>0</TranCode><TranType>0</TranType><AuthorizCode>0</AuthorizCode><Currency>0</Currency><AuthorizNo>0</AuthorizNo><Deposited>0</Deposited><Track2></Track2><Track2Len>0</Track2Len><FileNum>0</FileNum><CTransCount>0</CTransCount><ComReason>0</ComReason><CochavAmount>0.00</CochavAmount><ClubCode>0</ClubCode><HakafaSum>0.00</HakafaSum><CustID>0</CustID><IsRefundVoucher>0</IsRefundVoucher><IsChangingVoucher>0</IsChangingVoucher></Payment></Payments></Transaction><Transaction ID="" Terminal="1241" ChnNum="4300022"><TranNum>15548</TranNum><JournalNum>430</JournalNum><TranAmount>20</TranAmount><TranDiscount>0</TranDiscount><TranCashDiscount>0</TranCashDiscount><tChange>0</tChange><TranDate>2013-06-30</TranDate><TranTime>14:24:39</TranTime><IsRefund>0</IsRefund><IsDebtPayment>1</IsDebtPayment><CashierFlag>1</CashierFlag><CashierNum>1</CashierNum><AmountDiscountType>0</AmountDiscountType><ClubDealFlag>0</ClubDealFlag><CustID>0</CustID><AmountDiscountPercent>0</AmountDiscountPercent><RefundMode>0</RefundMode><Components><Component ID=""><PluCode>1</PluCode><Title>כללי</Title><CompAmount>20</CompAmount><CompCashDiscount>0</CompCashDiscount><CompDiscount>0</CompDiscount><CodeFlag>1</CodeFlag><StockAmount>1</StockAmount><DiscountType>0</DiscountType><SecondDiscFlag>0</SecondDiscFlag><SecondFreeFlag>0</SecondFreeFlag><OtherDiscountFlag>0</OtherDiscountFlag><ClubDiscount>0</ClubDiscount><AmountPercentDiscount>0</AmountPercentDiscount><DepartmentFlag>0</DepartmentFlag><DepartmentNum>0</DepartmentNum><WeigthFlag>0</WeigthFlag><WeightQty>1</WeightQty></Component></Components><Payments><Payment ID=""><PaymID>1</PaymID><CashSum>20</CashSum><ChequeSum>0.00</ChequeSum><FullData>0</FullData><ChequeNumber></ChequeNumber><PayDate></PayDate><BankNo>0</BankNo><BankDeptNo>0</BankDeptNo><BankCntNo></BankCntNo><CouponSum>0.00</CouponSum><CouponNumber>0</CouponNumber><FrnCurrSum>0.00</FrnCurrSum><CurrencyID>0</CurrencyID><IsInShekels>0</IsInShekels><CreditCardSum>0.00</CreditCardSum><FirstPayment>0.00</FirstPayment><OtherPayment>0.00</OtherPayment><CardNum></CardNum><ExpDate>0</ExpDate><CreditTerms>0</CreditTerms><CompanyNum>0</CompanyNum><NumPayments>0</NumPayments><TranCode>0</TranCode><TranType>0</TranType><AuthorizCode>0</AuthorizCode><Currency>0</Currency><AuthorizNo>0</AuthorizNo><Deposited>0</Deposited><Track2></Track2><Track2Len>0</Track2Len><FileNum>0</FileNum><CTransCount>0</CTransCount><ComReason>0</ComReason><CochavAmount>0.00</CochavAmount><ClubCode>0</ClubCode><HakafaSum>0.00</HakafaSum><CustID>0</CustID><IsRefundVoucher>0</IsRefundVoucher><IsChangingVoucher>0</IsChangingVoucher></Payment></Payments></Transaction><Transaction ID="" Terminal="1241" ChnNum="4300023"><TranNum>15549</TranNum><JournalNum>430</JournalNum><TranAmount>20</TranAmount><TranDiscount>0</TranDiscount><TranCashDiscount>0</TranCashDiscount><tChange>0</tChange><TranDate>2013-06-30</TranDate><TranTime>14:35:14</TranTime><IsRefund>0</IsRefund><IsDebtPayment>1</IsDebtPayment><CashierFlag>1</CashierFlag><CashierNum>1</CashierNum><AmountDiscountType>0</AmountDiscountType><ClubDealFlag>0</ClubDealFlag><CustID>0</CustID><AmountDiscountPercent>0</AmountDiscountPercent><RefundMode>0</RefundMode><Components><Component ID=""><PluCode>1</PluCode><Title>כללי</Title><CompAmount>20</CompAmount><CompCashDiscount>0</CompCashDiscount><CompDiscount>0</CompDiscount><CodeFlag>1</CodeFlag><StockAmount>1</StockAmount><DiscountType>0</DiscountType><SecondDiscFlag>0</SecondDiscFlag><SecondFreeFlag>0</SecondFreeFlag><OtherDiscountFlag>0</OtherDiscountFlag><ClubDiscount>0</ClubDiscount><AmountPercentDiscount>0</AmountPercentDiscount><DepartmentFlag>0</DepartmentFlag><DepartmentNum>0</DepartmentNum><WeigthFlag>0</WeigthFlag><WeightQty>1</WeightQty></Component></Components><Payments><Payment ID=""><PaymID>1</PaymID><CashSum>20</CashSum><ChequeSum>0.00</ChequeSum><FullData>0</FullData><ChequeNumber></ChequeNumber><PayDate></PayDate><BankNo>0</BankNo><BankDeptNo>0</BankDeptNo><BankCntNo></BankCntNo><CouponSum>0.00</CouponSum><CouponNumber>0</CouponNumber><FrnCurrSum>0.00</FrnCurrSum><CurrencyID>0</CurrencyID><IsInShekels>0</IsInShekels><CreditCardSum>0.00</CreditCardSum><FirstPayment>0.00</FirstPayment><OtherPayment>0.00</OtherPayment><CardNum></CardNum><ExpDate>0</ExpDate><CreditTerms>0</CreditTerms><CompanyNum>0</CompanyNum><NumPayments>0</NumPayments><TranCode>0</TranCode><TranType>0</TranType><AuthorizCode>0</AuthorizCode><Currency>0</Currency><AuthorizNo>0</AuthorizNo><Deposited>0</Deposited><Track2></Track2><Track2Len>0</Track2Len><FileNum>0</FileNum><CTransCount>0</CTransCount><ComReason>0</ComReason><CochavAmount>0.00</CochavAmount><ClubCode>0</ClubCode><HakafaSum>0.00</HakafaSum><CustID>0</CustID><IsRefundVoucher>0</IsRefundVoucher><IsChangingVoucher>0</IsChangingVoucher></Payment></Payments></Transaction><Transaction ID="" Terminal="1241" ChnNum="4300024"><TranNum>15550</TranNum><JournalNum>430</JournalNum><TranAmount>3</TranAmount><TranDiscount>0</TranDiscount><TranCashDiscount>0</TranCashDiscount><tChange>0</tChange><TranDate>2013-06-30</TranDate><TranTime>15:02:03</TranTime><IsRefund>0</IsRefund><IsDebtPayment>1</IsDebtPayment><CashierFlag>1</CashierFlag><CashierNum>1</CashierNum><AmountDiscountType>0</AmountDiscountType><ClubDealFlag>0</ClubDealFlag><CustID>0</CustID><AmountDiscountPercent>0</AmountDiscountPercent><RefundMode>0</RefundMode><Components><Component ID=""><PluCode>1</PluCode><Title>כללי</Title><CompAmount>3</CompAmount><CompCashDiscount>0</CompCashDiscount><CompDiscount>0</CompDiscount><CodeFlag>1</CodeFlag><StockAmount>1</StockAmount><DiscountType>0</DiscountType><SecondDiscFlag>0</SecondDiscFlag><SecondFreeFlag>0</SecondFreeFlag><OtherDiscountFlag>0</OtherDiscountFlag><ClubDiscount>0</ClubDiscount><AmountPercentDiscount>0</AmountPercentDiscount><DepartmentFlag>0</DepartmentFlag><DepartmentNum>0</DepartmentNum><WeigthFlag>0</WeigthFlag><WeightQty>1</WeightQty></Component></Components><Payments><Payment ID=""><PaymID>1</PaymID><CashSum>3</CashSum><ChequeSum>0.00</ChequeSum><FullData>0</FullData><ChequeNumber></ChequeNumber><PayDate></PayDate><BankNo>0</BankNo><BankDeptNo>0</BankDeptNo><BankCntNo></BankCntNo><CouponSum>0.00</CouponSum><CouponNumber>0</CouponNumber><FrnCurrSum>0.00</FrnCurrSum><CurrencyID>0</CurrencyID><IsInShekels>0</IsInShekels><CreditCardSum>0.00</CreditCardSum><FirstPayment>0.00</FirstPayment><OtherPayment>0.00</OtherPayment><CardNum></CardNum><ExpDate>0</ExpDate><CreditTerms>0</CreditTerms><CompanyNum>0</CompanyNum><NumPayments>0</NumPayments><TranCode>0</TranCode><TranType>0</TranType><AuthorizCode>0</AuthorizCode><Currency>0</Currency><AuthorizNo>0</AuthorizNo><Deposited>0</Deposited><Track2></Track2><Track2Len>0</Track2Len><FileNum>0</FileNum><CTransCount>0</CTransCount><ComReason>0</ComReason><CochavAmount>0.00</CochavAmount><ClubCode>0</ClubCode><HakafaSum>0.00</HakafaSum><CustID>0</CustID><IsRefundVoucher>0</IsRefundVoucher><IsChangingVoucher>0</IsChangingVoucher></Payment></Payments></Transaction><Transaction ID="" Terminal="1241" ChnNum="4300025"><TranNum>15551</TranNum><JournalNum>430</JournalNum><TranAmount>9.8</TranAmount><TranDiscount>0</TranDiscount><TranCashDiscount>0</TranCashDiscount><tChange>0</tChange><TranDate>2013-06-30</TranDate><TranTime>16:17:42</TranTime><IsRefund>0</IsRefund><IsDebtPayment>1</IsDebtPayment><CashierFlag>1</CashierFlag><CashierNum>1</CashierNum><AmountDiscountType>0</AmountDiscountType><ClubDealFlag>0</ClubDealFlag><CustID>0</CustID><AmountDiscountPercent>0</AmountDiscountPercent><RefundMode>0</RefundMode><Components><Component ID=""><PluCode>1037</PluCode><Title>תקע כוח</Title><CompAmount>4.9</CompAmount><CompCashDiscount>0</CompCashDiscount><CompDiscount>0</CompDiscount><CodeFlag>1</CodeFlag><StockAmount>2</StockAmount><DiscountType>0</DiscountType><SecondDiscFlag>0</SecondDiscFlag><SecondFreeFlag>0</SecondFreeFlag><OtherDiscountFlag>0</OtherDiscountFlag><ClubDiscount>0</ClubDiscount><AmountPercentDiscount>0</AmountPercentDiscount><DepartmentFlag>0</DepartmentFlag><DepartmentNum>0</DepartmentNum><WeigthFlag>0</WeigthFlag><WeightQty>2</WeightQty></Component></Components><Payments><Payment ID=""><PaymID>1</PaymID><CashSum>9.8</CashSum><ChequeSum>0.00</ChequeSum><FullData>0</FullData><ChequeNumber></ChequeNumber><PayDate></PayDate><BankNo>0</BankNo><BankDeptNo>0</BankDeptNo><BankCntNo></BankCntNo><CouponSum>0.00</CouponSum><CouponNumber>0</CouponNumber><FrnCurrSum>0.00</FrnCurrSum><CurrencyID>0</CurrencyID><IsInShekels>0</IsInShekels><CreditCardSum>0.00</CreditCardSum><FirstPayment>0.00</FirstPayment><OtherPayment>0.00</OtherPayment><CardNum></CardNum><ExpDate>0</ExpDate><CreditTerms>0</CreditTerms><CompanyNum>0</CompanyNum><NumPayments>0</NumPayments><TranCode>0</TranCode><TranType>0</TranType><AuthorizCode>0</AuthorizCode><Currency>0</Currency><AuthorizNo>0</AuthorizNo><Deposited>0</Deposited><Track2></Track2><Track2Len>0</Track2Len><FileNum>0</FileNum><CTransCount>0</CTransCount><ComReason>0</ComReason><CochavAmount>0.00</CochavAmount><ClubCode>0</ClubCode><HakafaSum>0.00</HakafaSum><CustID>0</CustID><IsRefundVoucher>0</IsRefundVoucher><IsChangingVoucher>0</IsChangingVoucher></Payment></Payments></Transaction><Transaction ID="" Terminal="1241" ChnNum="4300026"><TranNum>15552</TranNum><JournalNum>430</JournalNum><TranAmount>40</TranAmount><TranDiscount>0</TranDiscount><TranCashDiscount>0</TranCashDiscount><tChange>0</tChange><TranDate>2013-06-30</TranDate><TranTime>16:51:44</TranTime><IsRefund>0</IsRefund><IsDebtPayment>1</IsDebtPayment><CashierFlag>1</CashierFlag><CashierNum>1</CashierNum><AmountDiscountType>0</AmountDiscountType><ClubDealFlag>0</ClubDealFlag><CustID>0</CustID><AmountDiscountPercent>0</AmountDiscountPercent><RefundMode>0</RefundMode><Components><Component ID=""><PluCode>1</PluCode><Title>כללי</Title><CompAmount>40</CompAmount><CompCashDiscount>0</CompCashDiscount><CompDiscount>0</CompDiscount><CodeFlag>1</CodeFlag><StockAmount>1</StockAmount><DiscountType>0</DiscountType><SecondDiscFlag>0</SecondDiscFlag><SecondFreeFlag>0</SecondFreeFlag><OtherDiscountFlag>0</OtherDiscountFlag><ClubDiscount>0</ClubDiscount><AmountPercentDiscount>0</AmountPercentDiscount><DepartmentFlag>0</DepartmentFlag><DepartmentNum>0</DepartmentNum><WeigthFlag>0</WeigthFlag><WeightQty>1</WeightQty></Component></Components><Payments><Payment ID=""><PaymID>1</PaymID><CashSum>40</CashSum><ChequeSum>0.00</ChequeSum><FullData>0</FullData><ChequeNumber></ChequeNumber><PayDate></PayDate><BankNo>0</BankNo><BankDeptNo>0</BankDeptNo><BankCntNo></BankCntNo><CouponSum>0.00</CouponSum><CouponNumber>0</CouponNumber><FrnCurrSum>0.00</FrnCurrSum><CurrencyID>0</CurrencyID><IsInShekels>0</IsInShekels><CreditCardSum>0.00</CreditCardSum><FirstPayment>0.00</FirstPayment><OtherPayment>0.00</OtherPayment><CardNum></CardNum><ExpDate>0</ExpDate><CreditTerms>0</CreditTerms><CompanyNum>0</CompanyNum><NumPayments>0</NumPayments><TranCode>0</TranCode><TranType>0</TranType><AuthorizCode>0</AuthorizCode><Currency>0</Currency><AuthorizNo>0</AuthorizNo><Deposited>0</Deposited><Track2></Track2><Track2Len>0</Track2Len><FileNum>0</FileNum><CTransCount>0</CTransCount><ComReason>0</ComReason><CochavAmount>0.00</CochavAmount><ClubCode>0</ClubCode><HakafaSum>0.00</HakafaSum><CustID>0</CustID><IsRefundVoucher>0</IsRefundVoucher><IsChangingVoucher>0</IsChangingVoucher></Payment></Payments></Transaction><Transaction ID="" Terminal="1241" ChnNum="4300027"><TranNum>15553</TranNum><JournalNum>430</JournalNum><TranAmount>15.9</TranAmount><TranDiscount>0</TranDiscount><TranCashDiscount>0</TranCashDiscount><tChange>0</tChange><TranDate>2013-06-30</TranDate><TranTime>17:55:10</TranTime><IsRefund>0</IsRefund><IsDebtPayment>1</IsDebtPayment><CashierFlag>1</CashierFlag><CashierNum>1</CashierNum><AmountDiscountType>0</AmountDiscountType><ClubDealFlag>0</ClubDealFlag><CustID>0</CustID><AmountDiscountPercent>0</AmountDiscountPercent><RefundMode>0</RefundMode><Components><Component ID=""><PluCode>7290002997351</PluCode><Title>נירוקיט לבן נירלט</Title><CompAmount>6.9</CompAmount><CompCashDiscount>0</CompCashDiscount><CompDiscount>0</CompDiscount><CodeFlag>1</CodeFlag><StockAmount>1</StockAmount><DiscountType>0</DiscountType><SecondDiscFlag>0</SecondDiscFlag><SecondFreeFlag>0</SecondFreeFlag><OtherDiscountFlag>0</OtherDiscountFlag><ClubDiscount>0</ClubDiscount><AmountPercentDiscount>0</AmountPercentDiscount><DepartmentFlag>0</DepartmentFlag><DepartmentNum>0</DepartmentNum><WeigthFlag>0</WeigthFlag><WeightQty>1</WeightQty></Component><Component ID=""><PluCode>226</PluCode><Title>צינור גמיש לניאגרה 50 ס"מ</Title><CompAmount>9</CompAmount><CompCashDiscount>0</CompCashDiscount><CompDiscount>0</CompDiscount><CodeFlag>1</CodeFlag><StockAmount>1</StockAmount><DiscountType>0</DiscountType><SecondDiscFlag>0</SecondDiscFlag><SecondFreeFlag>0</SecondFreeFlag><OtherDiscountFlag>0</OtherDiscountFlag><ClubDiscount>0</ClubDiscount><AmountPercentDiscount>0</AmountPercentDiscount><DepartmentFlag>0</DepartmentFlag><DepartmentNum>0</DepartmentNum><WeigthFlag>0</WeigthFlag><WeightQty>1</WeightQty></Component></Components><Payments><Payment ID=""><PaymID>1</PaymID><CashSum>15.9</CashSum><ChequeSum>0.00</ChequeSum><FullData>0</FullData><ChequeNumber></ChequeNumber><PayDate></PayDate><BankNo>0</BankNo><BankDeptNo>0</BankDeptNo><BankCntNo></BankCntNo><CouponSum>0.00</CouponSum><CouponNumber>0</CouponNumber><FrnCurrSum>0.00</FrnCurrSum><CurrencyID>0</CurrencyID><IsInShekels>0</IsInShekels><CreditCardSum>0.00</CreditCardSum><FirstPayment>0.00</FirstPayment><OtherPayment>0.00</OtherPayment><CardNum></CardNum><ExpDate>0</ExpDate><CreditTerms>0</CreditTerms><CompanyNum>0</CompanyNum><NumPayments>0</NumPayments><TranCode>0</TranCode><TranType>0</TranType><AuthorizCode>0</AuthorizCode><Currency>0</Currency><AuthorizNo>0</AuthorizNo><Deposited>0</Deposited><Track2></Track2><Track2Len>0</Track2Len><FileNum>0</FileNum><CTransCount>0</CTransCount><ComReason>0</ComReason><CochavAmount>0.00</CochavAmount><ClubCode>0</ClubCode><HakafaSum>0.00</HakafaSum><CustID>0</CustID><IsRefundVoucher>0</IsRefundVoucher><IsChangingVoucher>0</IsChangingVoucher></Payment></Payments></Transaction><Transaction ID="" Terminal="1241" ChnNum="4300028"><TranNum>15554</TranNum><JournalNum>430</JournalNum><TranAmount>30</TranAmount><TranDiscount>0</TranDiscount><TranCashDiscount>0</TranCashDiscount><tChange>0</tChange><TranDate>2013-06-30</TranDate><TranTime>18:43:45</TranTime><IsRefund>0</IsRefund><IsDebtPayment>1</IsDebtPayment><CashierFlag>1</CashierFlag><CashierNum>1</CashierNum><AmountDiscountType>0</AmountDiscountType><ClubDealFlag>0</ClubDealFlag><CustID>0</CustID><AmountDiscountPercent>0</AmountDiscountPercent><RefundMode>0</RefundMode><Components><Component ID=""><PluCode>1</PluCode><Title>כללי</Title><CompAmount>30</CompAmount><CompCashDiscount>0</CompCashDiscount><CompDiscount>0</CompDiscount><CodeFlag>1</CodeFlag><StockAmount>1</StockAmount><DiscountType>0</DiscountType><SecondDiscFlag>0</SecondDiscFlag><SecondFreeFlag>0</SecondFreeFlag><OtherDiscountFlag>0</OtherDiscountFlag><ClubDiscount>0</ClubDiscount><AmountPercentDiscount>0</AmountPercentDiscount><DepartmentFlag>0</DepartmentFlag><DepartmentNum>0</DepartmentNum><WeigthFlag>0</WeigthFlag><WeightQty>1</WeightQty></Component></Components><Payments><Payment ID=""><PaymID>5</PaymID><CashSum>0.00</CashSum><ChequeSum>0.00</ChequeSum><FullData>0</FullData><ChequeNumber></ChequeNumber><PayDate></PayDate><BankNo>0</BankNo><BankDeptNo>0</BankDeptNo><BankCntNo></BankCntNo><CouponSum>0.00</CouponSum><CouponNumber>0</CouponNumber><FrnCurrSum>0.00</FrnCurrSum><CurrencyID>0</CurrencyID><IsInShekels>0</IsInShekels><CreditCardSum>30</CreditCardSum><FirstPayment>30</FirstPayment><OtherPayment>30</OtherPayment><CardNum>4580090106652408</CardNum><ExpDate>2014-10-01 00:00:00</ExpDate><CreditTerms>1</CreditTerms><CompanyNum>2</CompanyNum><NumPayments>1</NumPayments><TranCode>Regular</TranCode><TranType>1</TranType><AuthorizCode>Manual</AuthorizCode><Currency>1</Currency><AuthorizNo></AuthorizNo><Deposited>0</Deposited><Track2></Track2><Track2Len>0</Track2Len><FileNum>0</FileNum><CTransCount>0</CTransCount><ComReason>2</ComReason><CochavAmount>0</CochavAmount><ClubCode>0</ClubCode><HakafaSum>0.00</HakafaSum><CustID>0</CustID><IsRefundVoucher>0</IsRefundVoucher><IsChangingVoucher>0</IsChangingVoucher></Payment></Payments></Transaction><Transaction ID="" Terminal="1241" ChnNum="4300029"><TranNum>15555</TranNum><JournalNum>430</JournalNum><TranAmount>75</TranAmount><TranDiscount>0</TranDiscount><TranCashDiscount>0</TranCashDiscount><tChange>0</tChange><TranDate>2013-06-30</TranDate><TranTime>18:46:51</TranTime><IsRefund>0</IsRefund><IsDebtPayment>1</IsDebtPayment><CashierFlag>1</CashierFlag><CashierNum>1</CashierNum><AmountDiscountType>0</AmountDiscountType><ClubDealFlag>0</ClubDealFlag><CustID>0</CustID><AmountDiscountPercent>0</AmountDiscountPercent><RefundMode>0</RefundMode><Components><Component ID=""><PluCode>1</PluCode><Title>כללי</Title><CompAmount>75</CompAmount><CompCashDiscount>0</CompCashDiscount><CompDiscount>0</CompDiscount><CodeFlag>1</CodeFlag><StockAmount>1</StockAmount><DiscountType>0</DiscountType><SecondDiscFlag>0</SecondDiscFlag><SecondFreeFlag>0</SecondFreeFlag><OtherDiscountFlag>0</OtherDiscountFlag><ClubDiscount>0</ClubDiscount><AmountPercentDiscount>0</AmountPercentDiscount><DepartmentFlag>0</DepartmentFlag><DepartmentNum>0</DepartmentNum><WeigthFlag>0</WeigthFlag><WeightQty>1</WeightQty></Component></Components><Payments><Payment ID=""><PaymID>5</PaymID><CashSum>0.00</CashSum><ChequeSum>0.00</ChequeSum><FullData>0</FullData><ChequeNumber></ChequeNumber><PayDate></PayDate><BankNo>0</BankNo><BankDeptNo>0</BankDeptNo><BankCntNo></BankCntNo><CouponSum>0.00</CouponSum><CouponNumber>0</CouponNumber><FrnCurrSum>0.00</FrnCurrSum><CurrencyID>0</CurrencyID><IsInShekels>0</IsInShekels><CreditCardSum>75</CreditCardSum><FirstPayment>75</FirstPayment><OtherPayment>75</OtherPayment><CardNum>101723415</CardNum><ExpDate>2014-11-01 00:00:00</ExpDate><CreditTerms>1</CreditTerms><CompanyNum>8</CompanyNum><NumPayments>1</NumPayments><TranCode>Regular</TranCode><TranType>1</TranType><AuthorizCode>Manual</AuthorizCode><Currency>1</Currency><AuthorizNo></AuthorizNo><Deposited>0</Deposited><Track2></Track2><Track2Len>0</Track2Len><FileNum>0</FileNum><CTransCount>0</CTransCount><ComReason>2</ComReason><CochavAmount>0</CochavAmount><ClubCode>0</ClubCode><HakafaSum>0.00</HakafaSum><CustID>0</CustID><IsRefundVoucher>0</IsRefundVoucher><IsChangingVoucher>0</IsChangingVoucher></Payment></Payments></Transaction><Transaction ID="" Terminal="1241" ChnNum="4300030"><TranNum>15556</TranNum><JournalNum>430</JournalNum><TranAmount>5</TranAmount><TranDiscount>0</TranDiscount><TranCashDiscount>0</TranCashDiscount><tChange>0</tChange><TranDate>2013-06-30</TranDate><TranTime>19:03:42</TranTime><IsRefund>0</IsRefund><IsDebtPayment>1</IsDebtPayment><CashierFlag>1</CashierFlag><CashierNum>1</CashierNum><AmountDiscountType>0</AmountDiscountType><ClubDealFlag>0</ClubDealFlag><CustID>0</CustID><AmountDiscountPercent>0</AmountDiscountPercent><RefundMode>0</RefundMode><Components><Component ID=""><PluCode>1</PluCode><Title>כללי</Title><CompAmount>5</CompAmount><CompCashDiscount>0</CompCashDiscount><CompDiscount>0</CompDiscount><CodeFlag>1</CodeFlag><StockAmount>1</StockAmount><DiscountType>0</DiscountType><SecondDiscFlag>0</SecondDiscFlag><SecondFreeFlag>0</SecondFreeFlag><OtherDiscountFlag>0</OtherDiscountFlag><ClubDiscount>0</ClubDiscount><AmountPercentDiscount>0</AmountPercentDiscount><DepartmentFlag>0</DepartmentFlag><DepartmentNum>0</DepartmentNum><WeigthFlag>0</WeigthFlag><WeightQty>1</WeightQty></Component></Components><Payments><Payment ID=""><PaymID>1</PaymID><CashSum>5</CashSum><ChequeSum>0.00</ChequeSum><FullData>0</FullData><ChequeNumber></ChequeNumber><PayDate></PayDate><BankNo>0</BankNo><BankDeptNo>0</BankDeptNo><BankCntNo></BankCntNo><CouponSum>0.00</CouponSum><CouponNumber>0</CouponNumber><FrnCurrSum>0.00</FrnCurrSum><CurrencyID>0</CurrencyID><IsInShekels>0</IsInShekels><CreditCardSum>0.00</CreditCardSum><FirstPayment>0.00</FirstPayment><OtherPayment>0.00</OtherPayment><CardNum></CardNum><ExpDate>0</ExpDate><CreditTerms>0</CreditTerms><CompanyNum>0</CompanyNum><NumPayments>0</NumPayments><TranCode>0</TranCode><TranType>0</TranType><AuthorizCode>0</AuthorizCode><Currency>0</Currency><AuthorizNo>0</AuthorizNo><Deposited>0</Deposited><Track2></Track2><Track2Len>0</Track2Len><FileNum>0</FileNum><CTransCount>0</CTransCount><ComReason>0</ComReason><CochavAmount>0.00</CochavAmount><ClubCode>0</ClubCode><HakafaSum>0.00</HakafaSum><CustID>0</CustID><IsRefundVoucher>0</IsRefundVoucher><IsChangingVoucher>0</IsChangingVoucher></Payment></Payments></Transaction><Transaction ID="" Terminal="1241" ChnNum="4300031"><TranNum>15557</TranNum><JournalNum>430</JournalNum><TranAmount>105</TranAmount><TranDiscount>0</TranDiscount><TranCashDiscount>0</TranCashDiscount><tChange>0</tChange><TranDate>2013-06-30</TranDate><TranTime>19:21:29</TranTime><IsRefund>0</IsRefund><IsDebtPayment>1</IsDebtPayment><CashierFlag>1</CashierFlag><CashierNum>1</CashierNum><AmountDiscountType>0</AmountDiscountType><ClubDealFlag>0</ClubDealFlag><CustID>0</CustID><AmountDiscountPercent>0</AmountDiscountPercent><RefundMode>0</RefundMode><Components><Component ID=""><PluCode>1</PluCode><Title>כללי</Title><CompAmount>105</CompAmount><CompCashDiscount>0</CompCashDiscount><CompDiscount>0</CompDiscount><CodeFlag>1</CodeFlag><StockAmount>1</StockAmount><DiscountType>0</DiscountType><SecondDiscFlag>0</SecondDiscFlag><SecondFreeFlag>0</SecondFreeFlag><OtherDiscountFlag>0</OtherDiscountFlag><ClubDiscount>0</ClubDiscount><AmountPercentDiscount>0</AmountPercentDiscount><DepartmentFlag>0</DepartmentFlag><DepartmentNum>0</DepartmentNum><WeigthFlag>0</WeigthFlag><WeightQty>1</WeightQty></Component></Components><Payments><Payment ID=""><PaymID>5</PaymID><CashSum>0.00</CashSum><ChequeSum>0.00</ChequeSum><FullData>0</FullData><ChequeNumber></ChequeNumber><PayDate></PayDate><BankNo>0</BankNo><BankDeptNo>0</BankDeptNo><BankCntNo></BankCntNo><CouponSum>0.00</CouponSum><CouponNumber>0</CouponNumber><FrnCurrSum>0.00</FrnCurrSum><CurrencyID>0</CurrencyID><IsInShekels>0</IsInShekels><CreditCardSum>105</CreditCardSum><FirstPayment>105</FirstPayment><OtherPayment>105</OtherPayment><CardNum>5189540725718743</CardNum><ExpDate>2015-07-01 00:00:00</ExpDate><CreditTerms>1</CreditTerms><CompanyNum>1</CompanyNum><NumPayments>1</NumPayments><TranCode>Regular</TranCode><TranType>1</TranType><AuthorizCode>Manual</AuthorizCode><Currency>1</Currency><AuthorizNo></AuthorizNo><Deposited>0</Deposited><Track2></Track2><Track2Len>0</Track2Len><FileNum>0</FileNum><CTransCount>0</CTransCount><ComReason>2</ComReason><CochavAmount>0</CochavAmount><ClubCode>0</ClubCode><HakafaSum>0.00</HakafaSum><CustID>0</CustID><IsRefundVoucher>0</IsRefundVoucher><IsChangingVoucher>0</IsChangingVoucher></Payment></Payments></Transaction></Transactions>