﻿<?xml version="1.0" encoding="utf-8" standalone="no"?>
<Bill StockId="" BillId="222" ClientId="500987.00">
  <Products>
    <Product Id="79">
      <Name>כנפיים ברוטב</Name>
      <Barcode />
      <SalePrice>30</SalePrice>
      <SaledPrice>30</SaledPrice>
      <DiscountPerc>0</DiscountPerc>
      <DiscountNIS>0</DiscountNIS>
      <Quantity>1</Quantity>
    </Product>
    <Product Id="78">
      <Name>הום פרייז בצ'ילי</Name>
      <Barcode />
      <SalePrice>18</SalePrice>
      <SaledPrice>18</SaledPrice>
      <DiscountPerc>0</DiscountPerc>
      <DiscountNIS>0</DiscountNIS>
      <Quantity>1</Quantity>
    </Product>
  </Products>
  <Pay Rounding="0.00">
    <DiscountPerc>0</DiscountPerc>
    <DiscountNIS>0.00</DiscountNIS>
    <Cash>24</Cash>
  </Pay>
</Bill>