﻿<?xml version="1.0" encoding="utf-8" standalone="no"?>
<Bill StockId="" BillId="211" ClientId="500452.00">
  <Products>
    <Product Id="83">
      <Name>מרקים </Name>
      <Barcode />
      <SalePrice>51</SalePrice>
      <SaledPrice>51</SaledPrice>
      <DiscountPerc>0</DiscountPerc>
      <DiscountNIS>0</DiscountNIS>
      <Quantity>1</Quantity>
    </Product>
    <Product Id="81">
      <Name>טורטיה ממרח אבוקדו</Name>
      <Barcode />
      <SalePrice>32</SalePrice>
      <SaledPrice>128</SaledPrice>
      <DiscountPerc>0</DiscountPerc>
      <DiscountNIS>0</DiscountNIS>
      <Quantity>4</Quantity>
    </Product>
  </Products>
  <Pay Rounding="0.00">
    <DiscountPerc>0</DiscountPerc>
    <DiscountNIS>0.00</DiscountNIS>
    <Cash>179</Cash>
  </Pay>
</Bill>