﻿<?xml version="1.0" encoding="utf-8" standalone="no"?>
<Bill StockId="" BillId="220" ClientId="500015.00">
  <Products>
    <Product Id="83">
      <Name>מרקים </Name>
      <Barcode />
      <SalePrice>15</SalePrice>
      <SaledPrice>15</SaledPrice>
      <DiscountPerc>0</DiscountPerc>
      <DiscountNIS>0</DiscountNIS>
      <Quantity>1</Quantity>
    </Product>
    <Product Id="52">
      <Name>קומבינציה 70</Name>
      <Barcode />
      <SalePrice>70</SalePrice>
      <SaledPrice>70</SaledPrice>
      <DiscountPerc>0</DiscountPerc>
      <DiscountNIS>0</DiscountNIS>
      <Quantity>1</Quantity>
    </Product>
  </Products>
  <Pay Rounding="0.00">
    <DiscountPerc>0</DiscountPerc>
    <DiscountNIS>0.00</DiscountNIS>
    <Cash>85</Cash>
  </Pay>
</Bill>