﻿<?xml version="1.0" encoding="utf-8" standalone="no"?>
<Bill StockId="" BillId="219" ClientId="500452.00">
  <Products>
    <Product Id="702">
      <Name>קולה זכוכית</Name>
      <Barcode />
      <SalePrice>5</SalePrice>
      <SaledPrice>5</SaledPrice>
      <DiscountPerc>0</DiscountPerc>
      <DiscountNIS>0</DiscountNIS>
      <Quantity>1</Quantity>
    </Product>
    <Product Id="50">
      <Name>קומבינציה 50</Name>
      <Barcode />
      <SalePrice>25</SalePrice>
      <SaledPrice>25</SaledPrice>
      <DiscountPerc>0</DiscountPerc>
      <DiscountNIS>0</DiscountNIS>
      <Quantity>1</Quantity>
    </Product>
    <Product Id="702">
      <Name>קולה זכוכית</Name>
      <Barcode />
      <SalePrice>5</SalePrice>
      <SaledPrice>5</SaledPrice>
      <DiscountPerc>0</DiscountPerc>
      <DiscountNIS>0</DiscountNIS>
      <Quantity>1</Quantity>
    </Product>
  </Products>
  <Pay Rounding="0.00">
    <DiscountPerc>0</DiscountPerc>
    <DiscountNIS>0.00</DiscountNIS>
    <Cash>35</Cash>
  </Pay>
</Bill>