﻿<?xml version="1.0" encoding="utf-8" standalone="no"?>
<Bill StockId="" BillId="209" ClientId="500044.00">
  <Products>
    <Product Id="40">
      <Name>סושי טמפורה  צמחוני אבוקדו גזר</Name>
      <Barcode />
      <SalePrice>30</SalePrice>
      <SaledPrice>30</SaledPrice>
      <DiscountPerc>0</DiscountPerc>
      <DiscountNIS>0</DiscountNIS>
      <Quantity>1</Quantity>
    </Product>
  </Products>
  <Pay Rounding="0.00">
    <DiscountPerc>0</DiscountPerc>
    <DiscountNIS>0.00</DiscountNIS>
    <Cash>30</Cash>
  </Pay>
</Bill>