<?xml version="1.0" encoding="utf-8"?>
<Products>
  <Product barcode="7290004116590" isWeight="0" isDeleted="0" title="קלסימו 5 ק&quot;ג" category="0" saleprice="28.9" cost="" stockQuantity="-45" minStockQuantity="" lastUpdated="1329143212">
  </Product>
  <Product barcode="14637" isWeight="0" isDeleted="0" title="פינה מישתנה 30 מטר" category="0" saleprice="51.9" cost="" stockQuantity="-5" minStockQuantity="" lastUpdated="1329143211">
  </Product>
  <Product barcode="60616" isWeight="0" isDeleted="0" title="נייר גבס 150 מטר" category="0" saleprice="27" cost="" stockQuantity="-3" minStockQuantity="" lastUpdated="1329143217">
  </Product>
  <Product barcode="422" isWeight="0" isDeleted="0" title="דבק פיקס לבן 109" category="0" saleprice="35" cost="" stockQuantity="-27" minStockQuantity="" lastUpdated="1329143215">
  </Product>
  <Product barcode="3904" isWeight="0" isDeleted="0" title="ספייסרים 2 מ&quot;מ 250 יח'" category="0" saleprice="7.5" cost="" stockQuantity="-4" minStockQuantity="" lastUpdated="1329143214">
  </Product>
  <Product barcode="419" isWeight="0" isDeleted="0" title="שק יוטה 45X58" category="0" saleprice="0.95" cost="" stockQuantity="-522" minStockQuantity="" lastUpdated="1329143215">
  </Product>
</Products>
