<?xml version="1.0" encoding="utf-8"?>
<Products>
  <Product barcode="422" isWeight="0" isDeleted="0" title="דבק פיקס לבן 109" category="0" saleprice="35" cost="" stockQuantity="-66" minStockQuantity="" lastUpdated="1339668336">
  </Product>
  <Product barcode="8711595058797" isWeight="0" isDeleted="0" title="סופר 7 שקוף" category="0" saleprice="28.8" cost="" stockQuantity="-33" minStockQuantity="" lastUpdated="1339668331">
  </Product>
  <Product barcode="3916" isWeight="0" isDeleted="0" title="ספייסרים 3 מ&quot;מ 250 יח'" category="0" saleprice="11.9" cost="" stockQuantity="-6" minStockQuantity="" lastUpdated="1326886231">
  </Product>
  <Product barcode="7290004116590" isWeight="0" isDeleted="0" title="קלסימו 5 ק&quot;ג" category="0" saleprice="28.9" cost="" stockQuantity="-125" minStockQuantity="" lastUpdated="1339668332">
  </Product>
  <Product barcode="3904" isWeight="0" isDeleted="0" title="ספייסרים 2 מ&quot;מ 250 יח'" category="0" saleprice="7.5" cost="" stockQuantity="-8" minStockQuantity="" lastUpdated="1339668335">
  </Product>
  <Product barcode="320" isWeight="0" isDeleted="0" title="מאריך נחושת 10-&quot;1/2" category="0" saleprice="5.5" cost="" stockQuantity="-17" minStockQuantity="" lastUpdated="1339668334">
  </Product>
  <Product barcode="322" isWeight="0" isDeleted="0" title="מאריך נחושת 20-&quot;1/2" category="0" saleprice="7.5" cost="" stockQuantity="-8" minStockQuantity="" lastUpdated="1339668334">
  </Product>
  <Product barcode="323" isWeight="0" isDeleted="0" title="מאריך נחושת 25-&quot;1/2" category="0" saleprice="8.5" cost="" stockQuantity="-4" minStockQuantity="" lastUpdated="1339668334">
  </Product>
  <Product barcode="7290103655211" isWeight="0" isDeleted="0" title="מחסום 11/4 לכיור רחצה ליפסקי" category="0" saleprice="33.9" cost="" stockQuantity="-6" minStockQuantity="" lastUpdated="1339668333">
  </Product>
  <Product barcode="54970" isWeight="0" isDeleted="0" title="סיפון אמריקאי בודד+מדיח &quot;2 חוליות" category="0" saleprice="109" cost="" stockQuantity="-2" minStockQuantity="" lastUpdated="1339668337">
  </Product>
  <Product barcode="4250266803129" isWeight="0" isDeleted="0" title="ברז ניל 1/2-3/8" category="0" saleprice="26.5" cost="" stockQuantity="-14" minStockQuantity="" lastUpdated="1339668336">
  </Product>
  <Product barcode="31922" isWeight="0" isDeleted="0" title="ברז זוויתי 2 יציאות 3/8 פרופילון" category="0" saleprice="39.9" cost="" stockQuantity="-1" minStockQuantity="" lastUpdated="1339668334">
  </Product>
  <Product barcode="78522" isWeight="0" isDeleted="0" title="מאסף מערכת B" category="0" saleprice="40" cost="" stockQuantity="-7" minStockQuantity="" lastUpdated="1339668340">
  </Product>
  <Product barcode="195" isWeight="0" isDeleted="0" title="ברך 45 50X50 ליפסקי" category="0" saleprice="8.9" cost="" stockQuantity="-14" minStockQuantity="" lastUpdated="1339668332">
  </Product>
  <Product barcode="201" isWeight="0" isDeleted="0" title="ברך 90 50X50 ליפסקי" category="0" saleprice="8.9" cost="" stockQuantity="-7" minStockQuantity="" lastUpdated="1339668332">
  </Product>
  <Product barcode="72927" isWeight="0" isDeleted="0" title="קומקום סגור 50" category="0" saleprice="40" cost="" stockQuantity="-1" minStockQuantity="" lastUpdated="1339668340">
  </Product>
  <Product barcode="43025" isWeight="0" isDeleted="0" title="טיח גבס 791 30 ק&quot;ג" category="0" saleprice="40" cost="" stockQuantity="-13" minStockQuantity="" lastUpdated="1339668336">
  </Product>
  <Product barcode="97211" isWeight="0" isDeleted="0" title="סלסלה + 48 אטבים" category="0" saleprice="21.9" cost="" stockQuantity="-1" minStockQuantity="" lastUpdated="1339668342">
  </Product>
  <Product barcode="58910" isWeight="0" isDeleted="0" title="מרכך כביסה 4 ליטר JOHONSON SOFT" category="0" saleprice="15.9" cost="" stockQuantity="-2" minStockQuantity="" lastUpdated="1339668338">
  </Product>
  <Product barcode="80925" isWeight="0" isDeleted="0" title="נייר טואלט טישו אביבית 48 גל'" category="0" saleprice="39" cost="" stockQuantity="-13" minStockQuantity="" lastUpdated="1339668340">
  </Product>
  <Product barcode="7944" isWeight="0" isDeleted="0" title="מסמרי פלדה 3X50" category="0" saleprice="9.5" cost="" stockQuantity="-1" minStockQuantity="" lastUpdated="1339668340">
  </Product>
  <Product barcode="3017" isWeight="0" isDeleted="0" title="מאריך גמיש לניל מתכת 3/8-3/8 20 ס&quot;מ" category="0" saleprice="12.9" cost="" stockQuantity="-1" minStockQuantity="" lastUpdated="1339668334">
  </Product>
  <Product barcode="3026" isWeight="0" isDeleted="0" title="מאריך גמיש לניל מתכת 3/8-3/8 25 ס&quot;מ" category="0" saleprice="13.5" cost="" stockQuantity="-2" minStockQuantity="" lastUpdated="1339668334">
  </Product>
  <Product barcode="3006" isWeight="0" isDeleted="0" title="מאריך גמיש לניל מתכת 3/8-3/8 15 ס&quot;מ" category="0" saleprice="11.9" cost="" stockQuantity="-1" minStockQuantity="" lastUpdated="1339668334">
  </Product>
  <Product barcode="198" isWeight="0" isDeleted="0" title="ברך 90 40X50 ליפסקי" category="0" saleprice="9.5" cost="" stockQuantity="-1" minStockQuantity="" lastUpdated="1339668332">
  </Product>
  <Product barcode="60616" isWeight="0" isDeleted="0" title="נייר גבס 150 מטר" category="0" saleprice="27" cost="" stockQuantity="-6" minStockQuantity="" lastUpdated="1339668338">
  </Product>
  <Product barcode="283" isWeight="0" isDeleted="0" title="ניילון נצמד 10 ס&quot;מ" category="0" saleprice="11.5" cost="" stockQuantity="-1" minStockQuantity="" lastUpdated="1339668333">
  </Product>
  <Product barcode="7290001716465" isWeight="0" isDeleted="0" title="צלחת ענקית צבעוני 25 יח'" category="0" saleprice="12.5" cost="" stockQuantity="-1" minStockQuantity="" lastUpdated="1339668338">
  </Product>
  <Product barcode="835811008934" isWeight="0" isDeleted="0" title="מזלגות 50 יח' שקוף עבה הנמל" category="0" saleprice="9.9" cost="" stockQuantity="-1" minStockQuantity="" lastUpdated="1339668334">
  </Product>
  <Product barcode="1114" isWeight="0" isDeleted="0" title="לפתניות 25 יח'" category="0" saleprice="3.5" cost="" stockQuantity="-1" minStockQuantity="" lastUpdated="1339668345">
  </Product>
  <Product barcode="56216" isWeight="0" isDeleted="0" title="חומצת מלח 30% 4 ליטר" category="0" saleprice="26.9" cost="" stockQuantity="-4" minStockQuantity="" lastUpdated="1339668338">
  </Product>
  <Product barcode="4823003501703" isWeight="0" isDeleted="0" title="מנורת ליבון כדור 60W E14" category="0" saleprice="4.9" cost="" stockQuantity="-3" minStockQuantity="" lastUpdated="1339668337">
  </Product>
</Products>
